categoria,camion,cantidad_total,numero_productos,stock_estimado,stock_minimo,demanda_semanal,unidades_transito,tiempo_reposicion_dias,dias_sin_reposicion,tiene_incidencia,rotacion_producto,riesgo_operativo
Alimentos,Camión 06,31,3,36,11,153,61,12,28,1,Alta,Riesgo
Muebles,Camión 06,60,5,103,18,24,46,15,6,0,Alta,Normal
Tecnología,Camión 03,60,5,142,52,20,15,3,27,0,Baja,Normal
Muebles,Camión 06,19,4,135,45,88,65,10,12,0,Alta,Normal
Muebles,Camión 05,49,7,80,31,124,80,1,3,0,Alta,Normal
Electrodoméstico,Camión 06,63,7,63,31,77,95,19,33,0,Media,Riesgo
Tecnología,Camión 01,110,4,35,31,52,42,19,10,0,Media,Riesgo
Tecnología,Camión 06,83,3,97,43,78,7,13,31,0,Baja,Riesgo
Tecnología,Camión 03,22,3,73,38,150,2,12,15,0,Media,Riesgo
Muebles,Camión 01,24,1,56,47,147,11,1,7,1,Alta,Riesgo
Alimentos,Camión 03,109,1,93,55,84,83,19,36,1,Baja,Riesgo
Tecnología,Camión 03,76,7,131,42,112,15,16,14,0,Baja,Riesgo
Muebles,Camión 01,30,4,173,27,50,77,15,14,1,Media,Riesgo
Electrodoméstico,Camión 03,58,6,35,16,68,79,16,3,0,Media,Normal
Alimentos,Camión 03,102,6,88,10,48,58,11,3,1,Media,Riesgo
Electrodoméstico,Camión 06,117,4,131,42,12,48,6,22,0,Baja,Normal
Alimentos,Camión 05,31,1,154,10,16,62,11,19,0,Media,Normal
Muebles,Camión 03,100,7,136,33,58,61,3,35,0,Alta,Normal
Ropa,Camión 03,64,7,17,13,35,48,15,12,0,Baja,Riesgo
Alimentos,Camión 03,19,1,49,13,110,50,1,5,1,Media,Riesgo
Electrodoméstico,Camión 06,48,6,131,27,88,32,7,10,0,Alta,Normal
Muebles,Camión 05,45,2,174,36,11,29,1,33,0,Alta,Normal
Alimentos,Camión 01,100,2,118,52,136,58,17,13,0,Media,Riesgo
Ropa,Camión 06,94,1,24,41,141,75,9,35,0,Alta,Riesgo
Ropa,Camión 06,55,2,85,42,29,14,13,32,0,Baja,Normal
Tecnología,Camión 05,113,5,168,37,126,81,11,11,0,Baja,Riesgo
Tecnología,Camión 05,55,4,133,51,41,91,6,38,0,Alta,Normal
Electrodoméstico,Camión 06,97,4,147,50,37,22,1,24,1,Baja,Riesgo
Alimentos,Camión 01,18,1,21,45,86,77,7,35,1,Media,Riesgo
Alimentos,Camión 06,63,3,156,15,10,93,12,19,0,Alta,Riesgo
Tecnología,Camión 05,116,6,62,25,65,96,19,6,0,Baja,Riesgo
Alimentos,Camión 01,113,1,76,43,44,44,17,35,0,Media,Riesgo
Alimentos,Camión 05,92,2,113,32,121,61,4,4,0,Media,Normal
Ropa,Camión 01,47,6,27,59,39,78,3,33,0,Baja,Riesgo
Tecnología,Camión 03,75,3,178,51,63,70,1,13,1,Alta,Riesgo
Muebles,Camión 05,57,2,76,33,45,14,18,36,0,Media,Normal
Tecnología,Camión 05,118,7,12,58,89,45,15,19,1,Media,Riesgo
Muebles,Camión 06,45,5,63,22,67,63,8,12,1,Media,Riesgo
Ropa,Camión 05,33,2,115,27,92,45,1,11,1,Media,Riesgo
Electrodoméstico,Camión 05,17,5,17,22,74,55,14,6,1,Alta,Riesgo
Alimentos,Camión 03,70,6,171,58,78,43,4,12,0,Baja,Normal
Ropa,Camión 05,4,5,160,46,137,74,5,27,0,Baja,Normal
Alimentos,Camión 03,20,6,20,52,60,28,13,25,0,Baja,Riesgo
Electrodoméstico,Camión 03,112,6,123,48,31,94,15,3,0,Media,Riesgo
Electrodoméstico,Camión 03,47,6,6,51,116,61,6,3,0,Alta,Riesgo
Ropa,Camión 03,91,6,149,26,118,88,1,20,0,Baja,Normal
Electrodoméstico,Camión 01,15,6,34,24,125,51,19,28,0,Alta,Riesgo
Muebles,Camión 06,70,2,107,27,110,53,13,23,1,Baja,Riesgo
Electrodoméstico,Camión 01,47,6,17,32,109,87,6,3,1,Media,Riesgo
Alimentos,Camión 05,78,2,100,39,77,56,15,24,0,Baja,Riesgo
Alimentos,Camión 01,75,6,98,43,45,82,16,6,0,Media,Riesgo
Alimentos,Camión 01,103,5,86,13,155,65,16,20,0,Media,Riesgo
Alimentos,Camión 05,9,7,17,12,31,21,10,11,0,Baja,Normal
Muebles,Camión 05,90,6,175,16,75,19,9,32,1,Alta,Riesgo
Tecnología,Camión 05,16,3,98,27,30,32,9,27,0,Media,Normal
Ropa,Camión 01,69,6,153,51,109,71,17,21,0,Alta,Riesgo
Alimentos,Camión 01,116,6,116,16,137,24,17,13,1,Baja,Riesgo
Electrodoméstico,Camión 05,61,5,59,49,53,45,17,22,1,Media,Riesgo
Alimentos,Camión 06,10,4,85,15,112,72,12,35,0,Alta,Normal
Electrodoméstico,Camión 06,50,5,172,31,56,97,13,22,0,Media,Normal
Electrodoméstico,Camión 03,3,3,120,10,48,56,12,28,0,Baja,Normal
Alimentos,Camión 05,77,4,147,13,38,86,14,21,0,Media,Riesgo
Muebles,Camión 03,107,1,112,55,63,4,10,18,0,Baja,Riesgo
Electrodoméstico,Camión 06,113,1,57,58,99,54,19,31,0,Alta,Riesgo
Electrodoméstico,Camión 03,94,3,132,59,94,60,2,37,0,Media,Normal
Alimentos,Camión 05,118,5,162,52,26,88,4,21,0,Alta,Normal
Electrodoméstico,Camión 05,109,2,165,38,89,7,19,14,0,Baja,Riesgo
Electrodoméstico,Camión 05,70,3,61,30,82,15,7,25,0,Baja,Riesgo
Alimentos,Camión 01,81,7,56,35,58,47,15,27,0,Alta,Riesgo
Alimentos,Camión 03,109,4,141,23,110,60,15,23,0,Alta,Riesgo
Ropa,Camión 06,51,4,115,18,11,14,6,31,1,Baja,Riesgo
Muebles,Camión 06,117,6,5,56,151,64,3,29,0,Alta,Riesgo
Muebles,Camión 06,19,1,48,21,68,21,6,30,1,Baja,Riesgo
Electrodoméstico,Camión 01,42,4,79,51,106,2,16,26,0,Alta,Riesgo
Muebles,Camión 01,35,3,102,15,108,53,2,20,0,Baja,Normal
Electrodoméstico,Camión 05,46,4,13,29,112,13,7,38,0,Baja,Riesgo
Ropa,Camión 06,26,3,36,33,11,35,11,19,0,Media,Normal
Alimentos,Camión 01,115,2,19,36,50,81,7,27,0,Baja,Riesgo
Alimentos,Camión 05,69,6,144,47,132,81,4,25,0,Baja,Normal
Alimentos,Camión 06,93,1,140,17,91,66,7,38,0,Media,Normal
Muebles,Camión 03,64,4,76,10,153,9,4,23,0,Media,Riesgo
Ropa,Camión 05,37,3,159,58,141,48,12,29,0,Alta,Normal
Muebles,Camión 01,84,5,16,58,149,64,5,15,0,Alta,Riesgo
Muebles,Camión 01,49,1,69,33,38,90,19,3,0,Baja,Normal
Ropa,Camión 05,21,2,111,56,144,56,5,10,0,Alta,Normal
Ropa,Camión 05,74,3,46,16,23,26,19,15,0,Alta,Riesgo
Ropa,Camión 01,64,7,119,28,21,74,3,16,0,Baja,Normal
Ropa,Camión 03,5,7,143,31,108,4,11,17,0,Media,Normal
Alimentos,Camión 06,100,6,107,44,142,70,7,19,0,Media,Normal
Tecnología,Camión 03,70,6,175,39,90,82,17,11,1,Baja,Riesgo
Tecnología,Camión 05,90,2,99,38,115,56,9,5,0,Baja,Riesgo
Ropa,Camión 03,4,2,21,31,41,92,9,5,0,Baja,Riesgo
Tecnología,Camión 01,103,6,164,20,83,14,10,14,0,Baja,Riesgo
Tecnología,Camión 05,39,4,89,29,90,98,13,26,0,Baja,Normal
Ropa,Camión 06,114,4,172,38,78,75,15,8,0,Baja,Riesgo
Tecnología,Camión 01,35,3,155,50,54,29,5,5,0,Alta,Normal
Muebles,Camión 01,1,5,60,51,115,19,3,7,0,Alta,Riesgo
Electrodoméstico,Camión 06,24,3,138,43,146,36,8,16,0,Alta,Normal
Electrodoméstico,Camión 06,57,5,90,10,109,2,10,14,0,Media,Riesgo
Ropa,Camión 03,100,2,106,40,155,72,13,37,0,Baja,Riesgo
Alimentos,Camión 05,70,1,169,39,18,40,3,4,0,Baja,Normal
Ropa,Camión 06,41,3,58,57,71,38,8,36,0,Alta,Riesgo
Alimentos,Camión 06,54,3,119,27,38,25,9,17,0,Media,Normal
Electrodoméstico,Camión 05,46,5,143,26,134,1,12,36,0,Alta,Normal
Ropa,Camión 06,60,2,92,47,123,22,11,6,0,Baja,Riesgo
Muebles,Camión 06,108,2,53,23,152,22,2,16,0,Baja,Riesgo
Tecnología,Camión 03,60,7,153,32,143,84,18,29,0,Alta,Normal
Alimentos,Camión 01,57,5,119,34,129,15,9,36,1,Alta,Riesgo
Tecnología,Camión 01,31,2,67,24,88,8,2,38,0,Baja,Riesgo
Tecnología,Camión 01,84,6,108,55,102,12,2,37,0,Alta,Normal
Ropa,Camión 01,24,4,87,31,13,27,3,10,0,Baja,Normal
Tecnología,Camión 06,89,7,107,12,91,26,16,36,0,Alta,Riesgo
Muebles,Camión 05,36,6,160,28,84,50,19,29,0,Media,Normal
Tecnología,Camión 05,85,1,21,53,23,63,4,14,1,Baja,Riesgo
Ropa,Camión 03,30,3,10,43,140,51,18,4,0,Media,Riesgo
Muebles,Camión 03,24,7,151,44,123,80,18,36,0,Alta,Normal
Electrodoméstico,Camión 06,108,1,32,59,71,37,10,13,0,Media,Riesgo
Tecnología,Camión 05,106,3,42,10,115,99,11,18,1,Alta,Riesgo
Ropa,Camión 05,30,4,123,30,73,64,17,33,0,Media,Normal
Electrodoméstico,Camión 01,86,2,41,38,111,17,16,21,0,Media,Riesgo
Electrodoméstico,Camión 06,92,6,119,15,115,62,13,16,0,Media,Riesgo
Alimentos,Camión 06,7,5,72,46,29,50,2,15,0,Baja,Normal
Muebles,Camión 01,35,6,47,10,67,8,2,5,0,Media,Riesgo
Tecnología,Camión 06,55,4,168,10,121,12,14,6,0,Alta,Normal
Ropa,Camión 06,92,1,62,36,66,39,4,38,0,Alta,Riesgo
Alimentos,Camión 03,14,5,17,30,128,54,17,3,0,Baja,Riesgo
Muebles,Camión 05,10,2,56,25,106,78,13,12,0,Baja,Normal
Alimentos,Camión 06,80,4,62,53,101,42,4,36,0,Alta,Riesgo
Muebles,Camión 03,16,5,36,49,61,43,3,33,0,Media,Riesgo
Muebles,Camión 05,54,4,109,35,46,67,12,36,1,Alta,Riesgo
Tecnología,Camión 01,95,4,87,25,17,32,8,33,0,Baja,Normal
Muebles,Camión 03,106,2,103,37,53,23,2,31,1,Baja,Riesgo
Alimentos,Camión 03,89,7,108,10,107,35,6,21,1,Alta,Riesgo
Muebles,Camión 05,77,3,32,45,142,9,10,27,0,Media,Riesgo
Tecnología,Camión 01,70,5,133,19,127,99,12,27,0,Media,Riesgo
Tecnología,Camión 03,44,2,174,52,78,19,10,8,0,Baja,Normal
Alimentos,Camión 06,73,4,52,26,54,74,10,37,0,Alta,Riesgo
Electrodoméstico,Camión 06,45,2,44,32,146,11,3,32,0,Alta,Riesgo
Electrodoméstico,Camión 06,100,7,101,16,41,61,10,26,0,Baja,Riesgo
Muebles,Camión 01,56,3,118,53,42,17,9,2,0,Alta,Normal
Ropa,Camión 03,107,6,136,16,135,93,19,12,0,Baja,Riesgo
Muebles,Camión 06,84,5,170,53,76,62,14,22,0,Media,Riesgo
Alimentos,Camión 01,82,3,159,24,39,83,2,17,1,Media,Riesgo
Alimentos,Camión 06,107,1,141,43,123,24,5,7,0,Alta,Normal
Alimentos,Camión 05,57,5,115,55,38,11,8,4,1,Media,Riesgo
Alimentos,Camión 03,21,3,148,54,140,20,7,37,0,Media,Normal
Alimentos,Camión 03,68,4,80,13,39,24,6,38,1,Baja,Riesgo
Tecnología,Camión 01,50,5,35,23,146,10,11,32,0,Baja,Riesgo
Electrodoméstico,Camión 01,33,5,123,23,139,63,12,11,0,Alta,Normal
Alimentos,Camión 03,91,2,146,25,71,72,18,1,0,Baja,Riesgo
Ropa,Camión 06,7,4,29,16,12,49,19,25,0,Alta,Riesgo
Ropa,Camión 06,70,1,38,41,77,61,10,24,1,Alta,Riesgo
Ropa,Camión 05,15,6,71,28,34,88,14,17,0,Baja,Normal
Ropa,Camión 06,82,7,156,11,150,98,3,8,1,Media,Riesgo
Tecnología,Camión 01,32,3,122,19,53,95,18,27,0,Media,Normal
Ropa,Camión 01,75,2,77,59,64,48,15,18,0,Media,Riesgo
Alimentos,Camión 06,20,3,30,26,146,13,6,27,1,Media,Riesgo
Muebles,Camión 01,88,1,152,46,139,0,10,22,0,Alta,Riesgo
Ropa,Camión 03,15,1,108,21,50,80,12,16,0,Media,Normal
Tecnología,Camión 03,48,5,14,15,73,24,7,2,1,Alta,Riesgo
Tecnología,Camión 06,71,7,71,31,40,58,17,5,1,Baja,Riesgo
Ropa,Camión 03,21,1,156,41,56,71,1,18,1,Baja,Normal
Muebles,Camión 03,42,3,9,50,139,68,18,3,1,Alta,Riesgo
Ropa,Camión 05,26,4,31,29,105,4,15,27,0,Media,Riesgo
Tecnología,Camión 05,108,4,117,10,86,98,19,17,1,Alta,Riesgo
Electrodoméstico,Camión 03,14,5,19,56,119,18,1,16,0,Media,Riesgo
Alimentos,Camión 06,57,6,167,15,78,22,5,6,1,Media,Riesgo
Tecnología,Camión 05,37,3,109,28,67,8,15,7,0,Alta,Normal
Ropa,Camión 01,58,3,48,27,115,93,3,14,0,Alta,Normal
Alimentos,Camión 01,21,1,30,15,53,49,1,38,0,Media,Riesgo
Ropa,Camión 01,82,7,179,54,83,15,8,15,0,Alta,Normal
Ropa,Camión 06,69,3,166,42,65,32,12,33,0,Media,Riesgo
Electrodoméstico,Camión 03,3,2,99,32,136,1,19,27,1,Alta,Riesgo
Alimentos,Camión 01,87,6,88,32,39,13,12,29,1,Baja,Riesgo
Alimentos,Camión 06,90,1,144,35,80,0,13,37,0,Media,Riesgo
Electrodoméstico,Camión 05,37,2,136,22,127,89,1,5,0,Baja,Normal
Tecnología,Camión 03,88,5,91,16,64,57,19,29,0,Alta,Riesgo
Ropa,Camión 05,49,4,116,24,76,88,6,32,0,Baja,Normal
Muebles,Camión 06,19,5,133,53,150,15,8,6,0,Alta,Riesgo
Ropa,Camión 01,115,4,93,36,12,78,4,2,1,Media,Riesgo
Ropa,Camión 01,89,5,70,35,35,89,5,6,0,Alta,Normal
Tecnología,Camión 06,85,3,162,42,66,46,7,4,0,Alta,Normal
Ropa,Camión 01,12,2,135,24,135,43,4,29,0,Media,Normal
Electrodoméstico,Camión 03,61,4,126,45,62,79,4,25,0,Alta,Normal
Electrodoméstico,Camión 06,41,1,153,54,52,13,15,9,0,Media,Normal
Alimentos,Camión 05,33,2,88,36,58,92,5,3,0,Alta,Normal
Muebles,Camión 06,50,1,120,14,51,23,9,26,0,Media,Normal
Ropa,Camión 03,117,2,120,11,20,54,2,27,0,Baja,Normal
Ropa,Camión 03,68,2,42,42,112,14,7,36,1,Alta,Riesgo
Tecnología,Camión 06,106,5,147,25,107,82,17,32,0,Alta,Riesgo
Electrodoméstico,Camión 06,71,4,114,32,155,71,16,1,0,Alta,Riesgo
Muebles,Camión 01,86,4,50,47,94,33,17,16,0,Media,Riesgo
Alimentos,Camión 03,119,7,29,25,109,1,2,11,1,Alta,Riesgo
Electrodoméstico,Camión 06,33,2,25,23,113,26,11,26,0,Media,Riesgo
Alimentos,Camión 06,81,3,125,38,55,73,2,1,1,Alta,Riesgo
Tecnología,Camión 03,24,3,126,35,53,98,1,26,0,Baja,Normal
Tecnología,Camión 06,61,1,137,44,31,86,2,28,0,Alta,Normal
Ropa,Camión 01,61,1,74,24,123,71,9,9,0,Baja,Riesgo
Muebles,Camión 03,98,5,117,12,134,91,2,22,0,Media,Normal
Alimentos,Camión 01,28,2,111,32,133,22,15,8,0,Baja,Normal
Electrodoméstico,Camión 01,58,1,116,38,39,67,10,27,0,Alta,Normal
Tecnología,Camión 01,43,1,112,43,17,13,15,39,1,Alta,Riesgo
Ropa,Camión 01,41,6,51,42,107,62,10,19,1,Media,Riesgo
Ropa,Camión 03,39,2,95,50,66,92,17,25,0,Alta,Normal
Alimentos,Camión 01,86,5,22,50,120,64,9,38,0,Alta,Riesgo
Tecnología,Camión 01,49,1,153,32,82,67,18,21,0,Media,Normal
Muebles,Camión 06,17,5,108,16,124,62,4,24,0,Media,Normal
Tecnología,Camión 03,98,4,155,12,29,95,9,24,0,Baja,Riesgo
Alimentos,Camión 03,70,5,44,41,34,96,16,19,1,Media,Riesgo
Alimentos,Camión 05,110,3,142,40,28,89,4,2,1,Alta,Riesgo
Tecnología,Camión 03,70,3,93,27,14,80,16,14,0,Media,Riesgo
Alimentos,Camión 03,98,5,65,52,84,86,19,32,1,Alta,Riesgo
Tecnología,Camión 05,65,3,9,16,137,63,1,32,0,Baja,Riesgo
Electrodoméstico,Camión 03,74,4,126,50,81,31,6,28,0,Media,Normal
Tecnología,Camión 03,85,2,59,10,49,78,10,39,0,Alta,Riesgo
Tecnología,Camión 03,5,3,41,23,35,12,16,13,0,Media,Normal
Alimentos,Camión 03,2,3,60,41,36,65,4,12,0,Media,Normal
Alimentos,Camión 05,22,5,106,15,92,18,13,8,0,Media,Normal
Ropa,Camión 03,112,4,97,48,137,23,16,15,0,Media,Riesgo
Ropa,Camión 03,57,7,77,19,42,87,6,26,0,Baja,Normal
Electrodoméstico,Camión 05,66,7,63,16,106,10,11,12,1,Alta,Riesgo
Ropa,Camión 06,74,7,6,35,120,58,3,27,0,Media,Riesgo
Tecnología,Camión 01,98,7,108,43,25,85,10,18,0,Alta,Riesgo
Alimentos,Camión 06,16,2,55,39,32,14,1,36,0,Baja,Riesgo
Ropa,Camión 05,112,5,34,45,144,9,11,27,0,Alta,Riesgo
Ropa,Camión 01,51,5,15,30,35,40,12,9,0,Alta,Riesgo
Electrodoméstico,Camión 05,39,6,112,26,105,26,14,39,1,Baja,Riesgo
Electrodoméstico,Camión 05,86,4,80,42,21,59,8,1,0,Media,Normal
Tecnología,Camión 03,76,7,171,19,81,72,11,7,1,Alta,Riesgo
Alimentos,Camión 01,88,2,94,56,142,51,4,26,0,Alta,Normal
Electrodoméstico,Camión 03,111,4,127,51,115,27,7,7,0,Media,Normal
Ropa,Camión 01,40,7,129,21,126,64,10,7,1,Media,Riesgo
Alimentos,Camión 05,38,2,126,25,35,16,19,8,1,Alta,Riesgo
Alimentos,Camión 05,60,4,98,50,142,94,4,16,1,Baja,Riesgo
Ropa,Camión 06,59,5,107,41,31,43,2,3,0,Media,Normal
Electrodoméstico,Camión 01,10,5,166,24,22,9,18,10,1,Media,Normal
Ropa,Camión 03,99,1,35,36,116,62,14,7,1,Baja,Riesgo
Alimentos,Camión 06,64,3,56,37,32,92,16,21,1,Alta,Riesgo
Muebles,Camión 06,115,7,93,26,106,81,11,37,0,Media,Riesgo
Muebles,Camión 06,63,6,80,55,27,46,10,31,0,Alta,Riesgo
Tecnología,Camión 03,49,4,133,59,126,37,17,23,1,Alta,Riesgo
Ropa,Camión 06,64,6,26,11,39,69,14,27,0,Alta,Riesgo
Ropa,Camión 03,32,1,44,45,35,75,4,22,0,Baja,Riesgo
Tecnología,Camión 06,7,3,105,59,153,52,19,39,0,Alta,Normal
Tecnología,Camión 03,21,4,115,16,48,77,2,27,0,Alta,Normal
Tecnología,Camión 05,20,2,133,22,139,43,7,4,0,Media,Normal
Alimentos,Camión 05,26,7,69,24,122,73,9,24,0,Media,Normal
Ropa,Camión 05,68,3,174,34,143,53,19,23,1,Baja,Riesgo
Alimentos,Camión 05,110,5,153,32,55,19,16,19,0,Baja,Riesgo
Tecnología,Camión 05,116,1,83,31,59,78,16,3,0,Media,Riesgo
Ropa,Camión 06,86,3,26,35,115,30,18,27,0,Media,Riesgo
Alimentos,Camión 06,15,7,170,42,155,6,11,3,0,Baja,Normal
Alimentos,Camión 06,104,3,103,20,81,57,7,28,0,Alta,Normal
Tecnología,Camión 03,85,7,12,19,83,9,9,17,0,Baja,Riesgo
Ropa,Camión 03,79,5,179,34,26,9,4,31,0,Alta,Normal
Tecnología,Camión 03,86,4,21,46,79,38,13,10,1,Media,Riesgo
Ropa,Camión 03,116,2,21,57,159,27,4,22,0,Media,Riesgo
Muebles,Camión 05,92,5,94,52,15,29,19,30,0,Media,Riesgo
Electrodoméstico,Camión 05,14,2,145,47,35,36,2,21,0,Alta,Normal
Electrodoméstico,Camión 05,27,4,149,50,149,66,9,36,0,Baja,Normal
Electrodoméstico,Camión 01,105,3,170,54,108,42,12,23,0,Alta,Riesgo
Tecnología,Camión 06,40,2,85,33,151,78,2,38,1,Baja,Riesgo
Muebles,Camión 03,58,1,82,49,31,84,6,12,0,Baja,Normal
Ropa,Camión 03,28,1,177,55,60,51,5,25,0,Baja,Normal
Alimentos,Camión 05,26,7,10,42,113,55,5,20,0,Media,Riesgo
Ropa,Camión 03,113,5,167,26,98,75,5,7,0,Baja,Normal
Alimentos,Camión 03,63,4,114,33,150,67,4,29,1,Media,Riesgo
Ropa,Camión 06,66,7,18,46,147,8,9,29,0,Baja,Riesgo
Muebles,Camión 05,25,5,76,11,18,91,10,13,0,Baja,Normal
Alimentos,Camión 06,3,5,147,41,88,22,16,3,0,Media,Normal
Tecnología,Camión 01,72,7,58,33,61,62,10,2,0,Media,Riesgo
Ropa,Camión 01,44,6,31,18,139,60,10,16,0,Alta,Riesgo
Ropa,Camión 01,97,5,17,13,22,39,19,30,0,Baja,Riesgo
Alimentos,Camión 05,42,6,163,26,60,43,10,38,1,Media,Riesgo
Tecnología,Camión 03,116,1,167,26,43,85,6,6,0,Alta,Normal
Tecnología,Camión 05,99,1,64,59,44,23,17,7,0,Alta,Riesgo
Muebles,Camión 05,6,5,10,57,140,50,5,5,0,Media,Riesgo
Tecnología,Camión 03,39,1,62,39,129,57,6,7,1,Baja,Riesgo
Tecnología,Camión 06,52,4,53,49,79,89,15,34,0,Alta,Riesgo
Tecnología,Camión 01,23,6,155,20,156,93,19,32,1,Baja,Normal
Electrodoméstico,Camión 06,89,6,166,30,76,32,18,13,1,Baja,Riesgo
Muebles,Camión 01,50,5,30,30,112,15,4,30,1,Alta,Riesgo
Ropa,Camión 05,43,1,51,27,82,21,8,25,0,Media,Riesgo
Alimentos,Camión 01,19,2,9,38,125,56,16,21,0,Baja,Riesgo
Ropa,Camión 05,69,7,24,33,142,61,19,21,0,Media,Riesgo
Muebles,Camión 06,51,7,138,19,76,81,3,28,0,Alta,Normal
Alimentos,Camión 05,11,6,63,54,148,70,10,20,0,Baja,Riesgo
Muebles,Camión 06,12,5,150,26,130,89,2,34,0,Media,Normal
Tecnología,Camión 03,74,5,136,27,103,71,4,5,1,Media,Riesgo
Alimentos,Camión 03,8,4,21,51,138,69,6,18,0,Baja,Riesgo
Tecnología,Camión 03,24,3,18,57,100,29,11,39,0,Media,Riesgo
Ropa,Camión 05,92,3,17,29,101,22,14,11,0,Media,Riesgo
Ropa,Camión 03,41,6,139,46,72,31,16,17,0,Alta,Normal
Alimentos,Camión 01,36,7,132,54,38,85,19,22,0,Alta,Normal
Alimentos,Camión 06,101,4,48,27,21,56,2,37,0,Media,Riesgo
Muebles,Camión 06,85,4,123,26,86,8,17,20,0,Media,Riesgo
Muebles,Camión 01,72,4,147,18,50,30,9,6,0,Baja,Riesgo
Tecnología,Camión 05,55,6,23,23,139,70,17,34,1,Alta,Riesgo
Alimentos,Camión 05,9,3,67,58,46,8,15,14,0,Baja,Normal
Ropa,Camión 06,47,7,167,38,33,12,7,23,1,Media,Riesgo
Muebles,Camión 03,15,4,85,40,108,57,19,20,0,Baja,Normal
Muebles,Camión 05,48,7,167,13,159,2,3,13,0,Media,Normal
Ropa,Camión 05,110,1,151,27,109,34,1,32,0,Alta,Normal
Muebles,Camión 01,104,5,152,29,148,96,4,26,0,Alta,Normal
Tecnología,Camión 01,82,5,104,56,67,20,18,14,0,Media,Riesgo
Alimentos,Camión 03,42,7,167,52,38,63,8,36,0,Alta,Normal
Ropa,Camión 05,60,2,164,53,152,94,19,8,0,Media,Normal
Alimentos,Camión 05,84,2,126,18,69,51,6,22,0,Baja,Normal
Muebles,Camión 01,70,6,48,22,104,33,1,22,1,Media,Riesgo
Muebles,Camión 05,12,6,108,24,51,95,8,16,0,Baja,Normal
Ropa,Camión 06,2,5,156,36,52,34,1,27,0,Media,Normal
Tecnología,Camión 01,7,1,65,24,83,14,19,10,0,Alta,Riesgo
Electrodoméstico,Camión 03,80,3,129,37,73,95,11,25,0,Media,Riesgo
Ropa,Camión 01,3,3,149,46,11,5,15,31,0,Media,Normal
Electrodoméstico,Camión 05,109,6,75,28,75,84,11,21,0,Media,Riesgo
Electrodoméstico,Camión 03,3,1,111,35,40,96,19,27,0,Alta,Normal
Tecnología,Camión 01,27,6,54,35,124,31,10,17,1,Media,Riesgo
Electrodoméstico,Camión 06,114,3,69,34,35,51,12,33,0,Alta,Riesgo
Electrodoméstico,Camión 06,107,7,103,35,38,82,1,31,0,Media,Normal
Tecnología,Camión 01,40,6,36,35,87,96,7,26,0,Baja,Riesgo
Electrodoméstico,Camión 06,102,4,168,55,34,27,17,21,0,Media,Riesgo
Electrodoméstico,Camión 06,33,7,145,37,57,94,10,36,0,Baja,Normal
Electrodoméstico,Camión 06,92,6,62,58,74,84,6,1,0,Alta,Normal
Ropa,Camión 03,1,5,132,27,76,97,17,4,0,Alta,Normal
Ropa,Camión 06,119,6,146,41,99,63,18,4,0,Media,Riesgo
Ropa,Camión 06,8,5,169,12,155,78,5,26,0,Alta,Normal
Tecnología,Camión 06,101,1,116,11,146,77,18,4,0,Media,Riesgo
Muebles,Camión 03,32,3,72,42,47,18,17,9,0,Alta,Normal
Electrodoméstico,Camión 01,48,7,44,51,96,14,16,30,0,Baja,Riesgo
Electrodoméstico,Camión 05,107,7,148,28,158,5,8,4,0,Alta,Riesgo
Tecnología,Camión 06,101,2,136,26,74,72,13,5,0,Baja,Riesgo
Electrodoméstico,Camión 01,4,2,177,53,158,83,16,23,1,Media,Normal
Ropa,Camión 06,94,3,94,42,36,97,11,16,1,Media,Riesgo
Muebles,Camión 03,70,2,32,21,115,37,6,22,0,Media,Riesgo
Alimentos,Camión 01,110,7,100,58,132,25,3,37,0,Baja,Riesgo
Electrodoméstico,Camión 03,118,6,35,12,53,81,1,8,0,Media,Normal
Ropa,Camión 06,19,1,7,52,109,91,18,33,0,Media,Riesgo
Alimentos,Camión 06,32,1,140,58,37,50,5,38,0,Baja,Normal
Muebles,Camión 03,9,3,28,35,26,72,13,16,0,Alta,Riesgo
Alimentos,Camión 05,12,2,19,44,136,95,10,5,0,Media,Riesgo
Ropa,Camión 03,11,6,175,17,132,52,5,16,0,Alta,Normal
Alimentos,Camión 06,46,1,163,45,140,55,14,7,0,Alta,Normal
Tecnología,Camión 03,119,1,49,16,85,58,17,1,0,Media,Riesgo
Alimentos,Camión 05,16,4,12,55,55,69,1,9,0,Media,Riesgo
Electrodoméstico,Camión 03,1,4,75,55,78,77,2,18,0,Baja,Normal
Electrodoméstico,Camión 05,63,7,112,45,146,91,7,3,0,Baja,Normal
Tecnología,Camión 05,109,1,119,25,94,57,10,24,0,Media,Riesgo
Ropa,Camión 03,119,3,107,33,20,87,7,28,0,Alta,Normal
Electrodoméstico,Camión 03,117,5,129,10,78,12,16,10,0,Baja,Riesgo
Muebles,Camión 01,21,5,61,58,108,42,5,9,1,Baja,Riesgo
Electrodoméstico,Camión 06,30,6,34,34,100,75,12,13,0,Media,Normal
Electrodoméstico,Camión 05,13,1,150,19,103,50,17,35,0,Media,Normal
Ropa,Camión 01,34,1,118,25,124,18,16,23,0,Media,Normal
Alimentos,Camión 03,4,7,121,25,40,20,16,17,0,Media,Normal
Electrodoméstico,Camión 06,28,1,171,17,20,90,19,7,0,Baja,Normal
Tecnología,Camión 01,102,3,64,38,96,82,15,16,0,Baja,Riesgo
Alimentos,Camión 05,95,4,102,48,130,23,12,36,0,Baja,Riesgo
Muebles,Camión 01,59,1,175,37,139,25,10,20,0,Alta,Normal
Ropa,Camión 05,119,1,130,15,114,44,2,24,0,Baja,Normal
Muebles,Camión 03,27,7,177,25,36,27,7,5,0,Baja,Normal
Alimentos,Camión 06,69,2,155,29,11,81,13,6,0,Media,Riesgo
Alimentos,Camión 06,25,7,98,25,112,99,3,28,0,Baja,Normal
Alimentos,Camión 06,3,7,138,16,110,28,15,5,0,Baja,Normal
Muebles,Camión 03,97,3,126,50,30,16,1,39,1,Baja,Riesgo
Alimentos,Camión 05,68,6,112,23,67,67,3,38,0,Media,Normal
Muebles,Camión 03,25,1,8,52,142,43,10,2,1,Baja,Riesgo
Alimentos,Camión 06,20,7,97,35,94,60,15,39,0,Baja,Normal
Tecnología,Camión 03,34,7,155,35,102,92,6,21,1,Alta,Riesgo
Alimentos,Camión 03,26,2,10,23,29,67,15,37,0,Alta,Riesgo
Muebles,Camión 03,5,7,36,16,70,73,7,18,0,Alta,Riesgo
Electrodoméstico,Camión 05,99,5,110,42,47,24,5,12,0,Alta,Normal
Alimentos,Camión 01,61,6,150,35,157,94,4,17,0,Media,Normal
Electrodoméstico,Camión 01,92,1,19,54,34,66,18,37,0,Alta,Riesgo
Tecnología,Camión 03,93,1,172,29,139,1,3,38,0,Baja,Normal
Ropa,Camión 01,9,2,126,12,130,88,17,15,0,Alta,Normal
Tecnología,Camión 01,116,3,100,13,35,48,18,7,1,Media,Riesgo
Alimentos,Camión 03,102,1,10,35,76,69,18,14,0,Alta,Riesgo
Electrodoméstico,Camión 03,50,5,116,20,10,25,2,1,1,Alta,Riesgo
Electrodoméstico,Camión 06,6,1,124,11,60,71,13,38,0,Media,Normal
Muebles,Camión 01,83,5,127,23,14,98,15,3,0,Media,Riesgo
Electrodoméstico,Camión 05,60,6,71,53,22,26,5,37,0,Media,Normal
Muebles,Camión 03,44,6,110,39,156,88,3,31,0,Media,Normal
Ropa,Camión 06,11,4,143,58,149,17,5,13,0,Media,Normal
Alimentos,Camión 05,66,4,47,21,57,53,5,18,0,Media,Normal
Muebles,Camión 01,47,5,149,35,66,0,5,17,0,Baja,Normal
Ropa,Camión 06,108,3,100,53,124,60,3,17,0,Alta,Normal
Electrodoméstico,Camión 03,108,1,136,42,44,2,3,11,1,Alta,Riesgo
Electrodoméstico,Camión 05,73,7,85,22,85,67,18,20,0,Media,Riesgo
Ropa,Camión 03,85,1,45,23,103,40,4,10,1,Media,Riesgo
Electrodoméstico,Camión 01,88,4,137,33,14,36,1,29,1,Baja,Riesgo
Ropa,Camión 05,98,7,164,43,31,50,16,34,0,Baja,Riesgo
Muebles,Camión 01,86,5,39,53,112,14,8,17,0,Media,Riesgo
Muebles,Camión 01,3,7,26,35,140,7,17,13,0,Baja,Riesgo
Ropa,Camión 06,76,1,154,30,133,37,8,39,0,Baja,Normal
Muebles,Camión 03,92,1,116,37,62,82,7,27,0,Media,Normal
Muebles,Camión 05,30,3,15,57,78,55,8,26,0,Media,Riesgo
Muebles,Camión 01,90,2,7,45,113,46,12,28,0,Media,Riesgo
Tecnología,Camión 01,112,7,141,49,25,89,16,13,0,Media,Riesgo
Alimentos,Camión 05,21,4,64,11,125,9,12,12,1,Alta,Riesgo
Electrodoméstico,Camión 01,28,4,80,51,85,77,19,28,0,Alta,Normal
Tecnología,Camión 06,90,2,91,18,118,48,10,2,0,Media,Riesgo
Muebles,Camión 06,62,1,18,32,48,40,7,37,1,Baja,Riesgo
Ropa,Camión 06,33,3,22,24,98,82,12,34,0,Media,Riesgo
Muebles,Camión 06,85,3,117,22,121,29,5,23,0,Alta,Normal
Alimentos,Camión 01,35,4,77,32,56,4,16,29,0,Baja,Normal
Muebles,Camión 05,52,3,27,26,146,94,9,35,0,Alta,Riesgo
Ropa,Camión 05,34,6,87,57,137,70,7,11,0,Media,Normal
Alimentos,Camión 05,41,2,129,11,86,82,14,33,1,Alta,Riesgo
Muebles,Camión 05,51,1,179,29,24,30,11,11,0,Alta,Normal
Alimentos,Camión 03,47,6,73,29,45,51,7,9,0,Alta,Normal
Electrodoméstico,Camión 05,82,2,51,55,72,87,10,14,0,Baja,Riesgo
Electrodoméstico,Camión 03,58,5,120,12,78,97,9,9,0,Alta,Normal
Muebles,Camión 03,75,7,34,21,83,22,4,39,1,Baja,Riesgo
Alimentos,Camión 06,57,4,29,49,33,47,16,3,1,Media,Riesgo
Ropa,Camión 03,23,3,160,11,58,39,10,29,0,Media,Normal
Muebles,Camión 01,48,5,116,45,155,5,19,19,0,Alta,Riesgo
Electrodoméstico,Camión 03,22,3,29,23,16,37,17,36,0,Baja,Riesgo
Electrodoméstico,Camión 06,17,6,78,25,13,40,9,32,0,Media,Normal
Muebles,Camión 03,69,1,62,28,99,99,13,7,0,Baja,Riesgo
Alimentos,Camión 01,108,1,98,43,69,26,1,28,0,Baja,Normal
Electrodoméstico,Camión 01,11,1,123,53,64,74,2,18,1,Alta,Normal
Alimentos,Camión 01,94,3,131,55,25,68,13,5,0,Alta,Riesgo
Electrodoméstico,Camión 06,15,5,173,15,38,56,9,23,1,Baja,Normal
Electrodoméstico,Camión 06,91,1,29,22,23,16,7,22,0,Baja,Normal
Tecnología,Camión 05,35,5,82,45,88,70,16,26,0,Alta,Normal
Electrodoméstico,Camión 06,33,3,103,31,42,90,19,12,1,Baja,Riesgo
Ropa,Camión 01,84,6,120,27,30,46,7,19,0,Alta,Normal
Muebles,Camión 01,16,5,52,21,154,78,6,1,1,Baja,Riesgo
Muebles,Camión 06,34,6,14,39,32,12,18,3,0,Alta,Riesgo
Alimentos,Camión 03,66,3,103,49,66,10,19,27,0,Baja,Riesgo
Electrodoméstico,Camión 06,99,3,15,16,151,89,11,18,1,Alta,Riesgo
Ropa,Camión 06,40,4,89,41,102,85,12,30,0,Baja,Normal
Alimentos,Camión 01,28,3,153,57,29,91,10,2,1,Media,Riesgo
Tecnología,Camión 05,47,3,177,28,28,23,13,5,1,Media,Riesgo
Alimentos,Camión 01,39,2,139,15,112,92,12,29,0,Baja,Normal
Alimentos,Camión 05,70,1,130,29,86,72,10,33,0,Media,Riesgo
Electrodoméstico,Camión 01,73,4,68,36,42,3,18,20,0,Baja,Riesgo
Tecnología,Camión 06,20,7,6,52,27,45,4,30,0,Baja,Riesgo
Alimentos,Camión 01,1,4,80,46,82,17,5,5,1,Media,Normal
Ropa,Camión 01,72,4,125,57,26,42,5,21,0,Baja,Normal
Ropa,Camión 01,119,7,46,16,28,79,12,15,0,Alta,Riesgo
Muebles,Camión 06,87,2,58,14,79,32,3,20,0,Baja,Normal
Tecnología,Camión 06,63,6,79,20,129,92,8,8,0,Baja,Normal
Tecnología,Camión 06,67,3,20,24,110,9,2,31,1,Media,Riesgo
Muebles,Camión 06,4,1,22,12,43,72,18,12,0,Alta,Riesgo
Alimentos,Camión 05,58,5,94,14,93,58,9,21,1,Baja,Riesgo
Tecnología,Camión 05,25,7,148,32,83,30,13,30,0,Baja,Normal
Ropa,Camión 03,47,6,10,46,97,27,7,27,0,Baja,Riesgo
Ropa,Camión 06,38,7,112,18,94,59,10,26,0,Baja,Normal
Electrodoméstico,Camión 05,15,3,179,24,20,2,9,33,0,Baja,Normal
Tecnología,Camión 01,63,2,52,12,100,54,15,26,1,Baja,Riesgo
Alimentos,Camión 06,21,7,46,38,153,13,5,26,0,Alta,Riesgo
Muebles,Camión 03,99,3,80,15,136,57,12,36,0,Alta,Riesgo
Muebles,Camión 03,57,3,81,26,122,88,1,1,0,Baja,Normal
Alimentos,Camión 03,117,2,136,35,89,14,12,15,0,Baja,Riesgo
Electrodoméstico,Camión 01,53,4,134,30,16,1,6,1,0,Media,Normal
Muebles,Camión 05,46,4,63,17,25,23,19,11,0,Alta,Normal
Tecnología,Camión 01,116,1,159,30,25,77,19,2,0,Alta,Riesgo
Electrodoméstico,Camión 06,14,1,31,20,21,63,16,1,0,Baja,Normal
Tecnología,Camión 03,100,4,83,47,44,70,19,31,1,Alta,Riesgo
Ropa,Camión 01,76,6,76,17,30,99,3,16,0,Alta,Normal
Electrodoméstico,Camión 01,17,5,11,51,26,23,10,22,0,Media,Riesgo
Muebles,Camión 05,39,3,115,33,41,26,18,18,0,Media,Normal
Electrodoméstico,Camión 05,9,5,123,44,50,36,13,17,0,Alta,Normal
Electrodoméstico,Camión 03,99,3,178,23,143,93,18,30,1,Alta,Riesgo
Electrodoméstico,Camión 01,77,4,67,23,36,90,3,10,0,Alta,Normal
Electrodoméstico,Camión 01,79,1,128,19,157,38,3,35,0,Baja,Normal
Tecnología,Camión 05,82,6,16,21,75,62,12,21,0,Media,Riesgo
Ropa,Camión 01,115,1,145,47,146,78,7,16,0,Baja,Normal
Alimentos,Camión 01,97,5,47,53,101,25,8,6,0,Media,Riesgo
Electrodoméstico,Camión 01,6,1,21,55,70,64,9,3,0,Media,Riesgo
Muebles,Camión 05,91,4,67,43,12,3,14,21,0,Media,Riesgo
Electrodoméstico,Camión 03,23,6,124,50,112,28,5,13,0,Alta,Normal
Muebles,Camión 06,59,5,40,19,64,0,19,18,1,Media,Riesgo
Tecnología,Camión 03,91,6,12,26,10,49,16,24,0,Baja,Riesgo
Muebles,Camión 06,98,3,73,26,110,85,12,27,1,Media,Riesgo
Alimentos,Camión 01,46,1,94,12,54,10,4,4,0,Baja,Normal
Ropa,Camión 03,38,6,40,40,35,73,8,22,1,Media,Riesgo
Muebles,Camión 06,14,2,32,10,130,58,7,24,0,Media,Riesgo
Muebles,Camión 05,100,1,122,21,151,61,15,10,0,Alta,Riesgo
Ropa,Camión 05,117,3,97,48,55,80,6,2,0,Baja,Normal
Alimentos,Camión 03,72,6,179,13,131,35,5,6,0,Media,Normal
Electrodoméstico,Camión 03,62,5,80,51,40,55,14,18,0,Media,Riesgo
Muebles,Camión 01,35,3,105,22,68,89,13,17,0,Baja,Normal
Ropa,Camión 03,19,2,162,43,38,20,10,38,0,Media,Normal
Tecnología,Camión 01,30,6,155,51,115,12,18,23,0,Alta,Normal
Ropa,Camión 01,78,7,148,30,26,8,4,30,0,Baja,Normal
Tecnología,Camión 05,84,7,18,31,151,10,8,21,1,Alta,Riesgo
Alimentos,Camión 05,113,4,75,13,33,74,11,10,0,Baja,Riesgo
Electrodoméstico,Camión 06,25,1,128,27,118,69,17,13,0,Baja,Normal
Ropa,Camión 05,40,5,129,14,100,0,18,12,0,Baja,Normal
Muebles,Camión 05,88,4,41,28,34,69,11,9,0,Media,Riesgo
Alimentos,Camión 03,14,6,33,11,41,76,16,4,0,Baja,Normal
Ropa,Camión 05,26,7,147,21,125,85,12,39,1,Baja,Riesgo
Muebles,Camión 06,102,7,179,26,91,55,13,24,0,Baja,Riesgo
Ropa,Camión 03,87,7,178,19,119,30,16,34,0,Alta,Riesgo
Tecnología,Camión 06,22,6,23,43,155,85,1,39,0,Baja,Riesgo
Ropa,Camión 05,48,7,110,15,46,36,16,5,0,Media,Normal
Ropa,Camión 06,83,3,25,17,35,46,15,15,1,Baja,Riesgo
Ropa,Camión 03,110,6,68,20,146,90,6,4,1,Baja,Riesgo
Alimentos,Camión 01,51,5,169,21,73,77,12,39,0,Alta,Normal
Ropa,Camión 06,3,4,31,18,81,46,8,8,0,Media,Riesgo
Muebles,Camión 06,42,5,59,11,157,68,7,24,0,Media,Riesgo
Tecnología,Camión 03,19,2,33,17,115,57,2,28,0,Media,Riesgo
Tecnología,Camión 03,73,7,152,20,95,35,12,27,0,Baja,Riesgo
Ropa,Camión 06,28,2,29,45,62,31,14,1,0,Baja,Riesgo
Alimentos,Camión 05,84,1,74,19,101,97,16,34,0,Media,Riesgo
Alimentos,Camión 06,45,1,67,30,108,63,11,17,0,Media,Normal
Muebles,Camión 03,71,2,168,29,20,70,9,37,0,Alta,Riesgo
Ropa,Camión 01,78,6,134,57,40,41,10,38,0,Media,Riesgo
Tecnología,Camión 01,63,5,154,17,109,47,17,26,0,Baja,Riesgo
Alimentos,Camión 05,73,2,20,45,96,73,12,24,1,Baja,Riesgo
Ropa,Camión 06,119,1,150,38,156,80,6,39,0,Baja,Normal
Alimentos,Camión 01,19,2,104,51,149,29,19,21,0,Alta,Riesgo
Alimentos,Camión 06,47,6,34,21,24,20,11,30,1,Media,Riesgo
Tecnología,Camión 03,116,2,49,23,110,59,9,13,1,Baja,Riesgo
Electrodoméstico,Camión 01,14,5,23,57,38,12,6,37,0,Alta,Riesgo
Muebles,Camión 05,38,4,38,59,123,0,16,3,0,Alta,Riesgo
Muebles,Camión 03,53,6,145,30,116,64,16,32,0,Baja,Normal
Tecnología,Camión 05,61,1,175,31,117,32,6,35,0,Alta,Normal
Alimentos,Camión 03,36,5,66,30,139,37,5,19,0,Alta,Riesgo
Ropa,Camión 01,40,2,122,53,93,24,4,14,1,Baja,Riesgo
Alimentos,Camión 05,81,2,104,59,24,25,2,22,0,Alta,Normal
Tecnología,Camión 05,30,4,26,39,141,76,6,17,0,Baja,Riesgo
Muebles,Camión 03,9,1,115,48,59,58,9,4,0,Baja,Normal
Alimentos,Camión 05,64,1,168,29,32,91,17,19,0,Alta,Riesgo
Muebles,Camión 03,33,3,77,33,68,32,14,37,0,Baja,Normal
Ropa,Camión 03,52,1,151,32,99,40,7,2,0,Baja,Normal
Muebles,Camión 03,89,4,42,16,124,29,19,15,0,Media,Riesgo
Muebles,Camión 03,14,7,74,18,84,56,1,2,0,Baja,Normal
Electrodoméstico,Camión 01,75,3,120,10,132,48,15,11,0,Media,Riesgo
Electrodoméstico,Camión 03,53,3,83,35,145,47,18,23,0,Media,Riesgo
Electrodoméstico,Camión 06,99,2,152,47,148,71,3,10,1,Media,Riesgo
Muebles,Camión 05,105,2,13,47,27,48,18,3,0,Media,Riesgo
Tecnología,Camión 06,59,1,36,53,59,46,2,5,1,Alta,Riesgo
Muebles,Camión 01,78,3,136,31,151,55,10,3,0,Alta,Riesgo
Tecnología,Camión 06,94,2,54,53,127,64,11,38,0,Baja,Riesgo
Tecnología,Camión 05,41,4,86,19,146,11,3,13,0,Baja,Riesgo
Electrodoméstico,Camión 06,68,2,9,15,148,68,7,19,0,Baja,Riesgo
Alimentos,Camión 01,68,6,152,26,117,87,8,35,1,Alta,Riesgo
Ropa,Camión 03,92,6,91,59,76,5,19,24,1,Media,Riesgo
Electrodoméstico,Camión 06,8,2,130,47,87,88,18,24,0,Alta,Normal
Electrodoméstico,Camión 01,2,3,79,33,84,64,13,17,0,Alta,Normal
Alimentos,Camión 01,105,7,169,19,48,24,13,10,0,Baja,Riesgo
Ropa,Camión 05,110,7,26,17,34,0,19,2,1,Baja,Riesgo
Muebles,Camión 05,86,3,72,30,30,31,12,23,0,Baja,Riesgo
Muebles,Camión 06,41,5,48,15,147,2,17,6,0,Media,Riesgo
Electrodoméstico,Camión 03,55,7,38,30,24,48,12,2,0,Media,Normal
Ropa,Camión 01,16,6,81,48,57,18,13,21,0,Alta,Normal
Electrodoméstico,Camión 06,93,4,46,33,95,59,12,35,1,Media,Riesgo
Tecnología,Camión 01,62,3,141,42,158,28,19,29,0,Baja,Riesgo
Electrodoméstico,Camión 01,113,1,110,27,125,49,14,7,0,Media,Riesgo
Electrodoméstico,Camión 03,48,6,99,37,59,1,7,29,0,Media,Normal
Muebles,Camión 03,30,4,139,41,150,72,13,37,0,Media,Normal
Muebles,Camión 06,12,4,72,21,78,55,6,23,0,Media,Normal
Muebles,Camión 03,35,3,151,57,13,16,19,33,0,Baja,Normal
Tecnología,Camión 03,11,4,163,51,87,59,19,8,1,Baja,Normal
Muebles,Camión 06,64,3,132,36,18,35,4,12,0,Alta,Normal
Ropa,Camión 03,110,7,167,19,130,60,19,10,0,Alta,Riesgo
Alimentos,Camión 05,50,2,89,55,124,16,9,15,0,Alta,Riesgo
Ropa,Camión 01,85,6,163,51,110,48,16,24,0,Media,Riesgo
Ropa,Camión 01,21,5,87,41,158,75,4,26,1,Media,Normal
Muebles,Camión 01,69,2,99,51,155,59,6,39,0,Baja,Normal
Alimentos,Camión 01,48,6,36,35,106,19,8,3,0,Alta,Riesgo
Alimentos,Camión 06,20,3,70,34,90,49,16,2,0,Baja,Normal
Alimentos,Camión 01,101,6,120,20,52,2,5,6,0,Alta,Normal
Tecnología,Camión 01,67,7,142,32,104,42,10,21,0,Alta,Riesgo
Muebles,Camión 01,44,3,134,43,15,56,13,9,1,Alta,Riesgo
Alimentos,Camión 01,33,2,64,49,76,49,14,10,0,Media,Normal
Tecnología,Camión 05,117,1,21,32,149,67,7,36,0,Alta,Riesgo
Electrodoméstico,Camión 01,73,1,100,38,109,80,6,3,0,Alta,Normal
Electrodoméstico,Camión 05,61,6,148,40,21,49,7,24,0,Media,Normal
Tecnología,Camión 06,9,1,20,16,75,36,5,22,0,Alta,Riesgo
Tecnología,Camión 03,68,3,50,49,11,45,18,14,1,Media,Riesgo
Muebles,Camión 01,35,4,171,42,152,41,12,27,0,Media,Normal
Muebles,Camión 03,81,3,163,30,90,14,6,33,0,Baja,Normal
Electrodoméstico,Camión 03,98,4,111,11,144,32,1,22,0,Media,Riesgo
Alimentos,Camión 06,88,2,92,27,151,79,4,29,1,Media,Riesgo
Electrodoméstico,Camión 03,96,5,133,56,79,10,19,19,0,Media,Riesgo
Alimentos,Camión 05,65,4,143,42,124,19,12,19,1,Alta,Riesgo
Alimentos,Camión 03,8,1,123,46,97,23,15,6,0,Baja,Normal
Muebles,Camión 03,45,3,89,43,15,63,3,19,1,Alta,Riesgo
Ropa,Camión 03,87,2,8,29,36,79,8,13,0,Media,Riesgo
Ropa,Camión 01,47,1,75,44,91,93,11,26,0,Media,Normal
Tecnología,Camión 01,40,2,158,59,97,97,16,22,0,Baja,Normal
Muebles,Camión 05,76,5,115,27,129,64,9,21,0,Baja,Riesgo
Alimentos,Camión 05,54,7,54,55,33,87,3,36,0,Media,Riesgo
Ropa,Camión 01,76,3,144,33,111,87,5,2,0,Media,Normal
Alimentos,Camión 05,46,6,99,17,43,72,14,30,0,Alta,Normal
Ropa,Camión 01,47,3,96,39,56,85,15,27,0,Media,Normal
Ropa,Camión 06,15,5,69,53,33,75,6,7,1,Alta,Normal
Ropa,Camión 03,105,3,51,19,74,16,4,20,0,Baja,Riesgo
Muebles,Camión 03,19,6,110,32,27,88,8,31,1,Alta,Normal
Electrodoméstico,Camión 05,26,4,134,58,53,91,19,23,0,Media,Normal
Alimentos,Camión 01,52,2,110,20,85,60,5,13,0,Alta,Normal
Muebles,Camión 01,93,6,28,11,66,14,13,17,0,Alta,Riesgo
Muebles,Camión 05,22,1,8,35,116,93,16,4,0,Baja,Riesgo
Muebles,Camión 01,104,5,112,45,133,50,1,14,1,Alta,Riesgo
Muebles,Camión 06,21,4,23,42,148,26,13,20,0,Media,Riesgo
Muebles,Camión 03,51,1,158,56,125,85,11,13,1,Alta,Riesgo
Tecnología,Camión 05,38,1,44,22,102,73,8,3,1,Alta,Riesgo
Alimentos,Camión 05,20,5,54,49,51,60,8,26,0,Alta,Riesgo
Muebles,Camión 01,29,4,175,34,37,57,14,26,1,Media,Riesgo
Alimentos,Camión 05,51,7,79,13,132,30,13,18,0,Alta,Riesgo
Tecnología,Camión 06,4,1,16,51,33,90,3,32,1,Media,Riesgo
Tecnología,Camión 01,55,1,31,28,145,11,4,14,0,Alta,Riesgo
Alimentos,Camión 01,71,4,117,27,115,45,15,3,0,Baja,Riesgo
Ropa,Camión 01,92,3,53,46,127,30,15,1,1,Baja,Riesgo
Electrodoméstico,Camión 01,28,1,148,39,62,31,13,26,0,Baja,Normal
Ropa,Camión 06,4,2,134,28,141,31,9,24,0,Media,Normal
Ropa,Camión 01,22,4,64,32,109,98,10,35,0,Media,Riesgo
Ropa,Camión 05,76,1,34,25,14,52,12,14,0,Media,Riesgo
Muebles,Camión 06,45,5,88,10,58,60,14,3,0,Alta,Normal
Tecnología,Camión 03,67,6,170,21,107,45,1,13,1,Media,Riesgo
Ropa,Camión 03,86,2,32,33,39,84,14,14,0,Media,Riesgo
Tecnología,Camión 05,108,6,29,43,81,73,14,21,0,Media,Riesgo
Alimentos,Camión 05,66,6,100,17,112,79,8,26,0,Media,Normal
Electrodoméstico,Camión 06,88,1,129,27,72,6,16,3,0,Baja,Riesgo
Alimentos,Camión 03,34,2,14,57,35,3,14,4,0,Alta,Riesgo
Alimentos,Camión 03,91,2,46,14,46,90,1,36,1,Baja,Riesgo
Muebles,Camión 03,55,3,44,35,16,51,16,1,1,Alta,Riesgo
Electrodoméstico,Camión 03,105,6,81,39,136,88,18,33,0,Alta,Riesgo
Alimentos,Camión 03,1,2,109,22,101,30,7,7,0,Baja,Normal
Alimentos,Camión 01,72,3,122,28,112,74,15,11,1,Media,Riesgo
Electrodoméstico,Camión 05,87,4,46,38,62,83,17,27,0,Baja,Riesgo
Electrodoméstico,Camión 01,38,3,51,12,141,35,19,14,0,Alta,Riesgo
Alimentos,Camión 03,6,5,169,35,117,53,13,22,0,Alta,Normal
Electrodoméstico,Camión 06,86,7,26,49,121,53,9,16,1,Media,Riesgo
Alimentos,Camión 06,25,1,111,21,16,16,15,12,0,Baja,Normal
Alimentos,Camión 03,82,4,31,11,76,74,3,10,0,Alta,Riesgo
Muebles,Camión 03,17,7,45,20,117,29,1,24,0,Baja,Riesgo
Ropa,Camión 06,61,7,84,53,120,98,16,18,0,Media,Riesgo
Alimentos,Camión 01,12,4,166,37,157,21,8,22,0,Media,Normal
Tecnología,Camión 01,6,5,164,27,92,42,13,9,0,Alta,Normal
Ropa,Camión 03,90,3,93,22,133,26,8,17,0,Media,Riesgo
Ropa,Camión 01,27,1,70,46,148,36,17,38,0,Alta,Riesgo
Ropa,Camión 06,8,3,16,31,113,45,14,13,0,Alta,Riesgo
Muebles,Camión 01,83,2,172,21,76,34,7,37,0,Media,Normal
Alimentos,Camión 03,106,3,77,11,16,3,15,6,1,Media,Riesgo
Muebles,Camión 06,65,4,80,46,119,79,16,21,1,Baja,Riesgo
Alimentos,Camión 01,57,1,94,16,43,79,19,36,0,Baja,Normal
Muebles,Camión 05,93,3,14,35,115,84,6,7,0,Alta,Riesgo
Muebles,Camión 06,109,1,100,35,156,25,1,36,1,Baja,Riesgo
Tecnología,Camión 06,113,1,24,33,67,99,12,25,0,Alta,Riesgo
Muebles,Camión 05,99,2,43,21,18,18,18,11,0,Media,Riesgo
Electrodoméstico,Camión 05,40,2,64,25,57,80,16,14,0,Media,Normal
Tecnología,Camión 06,14,4,70,32,124,44,12,29,0,Baja,Riesgo
Muebles,Camión 05,35,5,69,49,50,25,13,10,1,Alta,Riesgo
Ropa,Camión 03,48,7,128,18,57,21,8,5,1,Alta,Riesgo
Electrodoméstico,Camión 03,109,1,168,41,34,57,1,8,0,Baja,Normal
Electrodoméstico,Camión 03,84,5,156,24,125,62,7,5,0,Alta,Normal
Electrodoméstico,Camión 06,56,7,159,46,87,27,15,24,0,Alta,Normal
Tecnología,Camión 05,49,7,134,22,117,64,13,26,0,Media,Normal
Muebles,Camión 05,13,4,163,14,34,43,13,6,0,Alta,Normal
Muebles,Camión 01,61,7,61,20,156,99,9,16,0,Alta,Riesgo
Ropa,Camión 01,102,7,82,19,48,42,15,36,0,Alta,Riesgo
Ropa,Camión 05,49,1,33,22,128,36,4,12,1,Baja,Riesgo
Electrodoméstico,Camión 05,46,1,19,50,88,65,13,11,0,Baja,Riesgo
Ropa,Camión 05,113,6,16,55,89,16,12,3,0,Baja,Riesgo
Tecnología,Camión 06,62,5,105,59,36,39,5,37,0,Alta,Normal
Muebles,Camión 05,8,3,160,24,113,37,7,6,0,Alta,Normal
Electrodoméstico,Camión 01,43,2,88,51,83,84,8,19,0,Baja,Normal
Ropa,Camión 06,20,3,129,16,77,60,5,18,0,Baja,Normal
Tecnología,Camión 05,97,5,107,49,156,8,9,16,0,Alta,Riesgo
Tecnología,Camión 01,90,2,28,37,37,76,14,23,1,Alta,Riesgo
Ropa,Camión 06,39,3,153,41,132,74,12,37,1,Media,Riesgo
Muebles,Camión 05,85,6,142,44,147,60,4,9,0,Baja,Normal
Ropa,Camión 05,117,2,114,24,92,79,8,3,0,Alta,Normal
Electrodoméstico,Camión 05,49,1,82,57,39,15,17,8,0,Baja,Normal
Ropa,Camión 06,64,3,105,45,31,1,8,38,0,Baja,Normal
Tecnología,Camión 01,62,2,150,30,12,71,1,4,0,Baja,Normal
Ropa,Camión 01,106,6,146,15,110,42,2,12,1,Media,Riesgo
Muebles,Camión 03,107,7,166,10,114,41,4,31,0,Alta,Normal
Alimentos,Camión 05,54,2,132,13,11,76,1,25,0,Alta,Normal
Ropa,Camión 03,105,2,62,20,63,56,7,16,0,Baja,Normal
Muebles,Camión 03,9,6,80,53,15,80,1,14,1,Alta,Normal
Muebles,Camión 01,88,7,154,35,116,87,9,13,1,Media,Riesgo
Tecnología,Camión 06,37,3,40,46,132,66,3,7,0,Baja,Riesgo
Muebles,Camión 06,49,4,177,32,11,29,12,12,0,Media,Normal
Muebles,Camión 01,41,3,168,38,120,12,19,37,0,Media,Normal
Muebles,Camión 06,17,7,26,30,11,18,15,4,0,Alta,Riesgo
Muebles,Camión 03,88,5,131,57,102,6,16,2,0,Alta,Riesgo
Electrodoméstico,Camión 05,21,6,84,54,110,8,10,35,1,Media,Riesgo
Electrodoméstico,Camión 01,51,3,104,54,106,82,6,3,0,Alta,Normal
Tecnología,Camión 05,59,2,100,58,120,53,17,4,1,Media,Riesgo
Ropa,Camión 06,39,6,165,36,15,85,17,38,0,Media,Normal
Muebles,Camión 05,55,1,177,48,136,81,19,12,1,Baja,Riesgo
Ropa,Camión 06,41,7,168,49,113,60,18,19,0,Media,Normal
Ropa,Camión 06,39,3,152,22,156,86,11,10,0,Media,Normal
Tecnología,Camión 03,13,6,22,32,10,1,7,1,0,Alta,Riesgo
Muebles,Camión 06,64,3,42,25,42,49,10,17,0,Baja,Riesgo
Muebles,Camión 03,11,6,155,39,49,74,7,16,1,Alta,Normal
Alimentos,Camión 03,110,2,113,13,41,30,5,9,0,Baja,Normal
Ropa,Camión 03,19,1,127,49,26,32,12,9,0,Alta,Normal
Ropa,Camión 01,11,1,148,25,135,77,16,9,0,Media,Normal
Electrodoméstico,Camión 01,77,5,153,40,17,79,18,12,0,Baja,Riesgo
Alimentos,Camión 06,46,6,108,51,66,10,3,15,0,Baja,Normal
Electrodoméstico,Camión 03,45,3,144,34,51,32,15,2,0,Baja,Normal
Electrodoméstico,Camión 01,1,1,148,53,107,6,5,11,0,Baja,Normal
Electrodoméstico,Camión 03,40,7,85,21,146,30,13,11,0,Alta,Riesgo
Tecnología,Camión 05,108,1,91,35,129,47,19,8,1,Alta,Riesgo
Tecnología,Camión 05,19,4,146,46,96,46,12,32,1,Baja,Normal
Electrodoméstico,Camión 05,76,4,65,57,63,77,5,6,0,Baja,Normal
Alimentos,Camión 06,72,1,50,42,93,91,6,20,0,Baja,Normal
Ropa,Camión 03,72,6,36,37,34,52,7,39,0,Alta,Riesgo
Alimentos,Camión 05,61,5,19,18,76,79,10,35,0,Baja,Riesgo
Muebles,Camión 01,117,1,48,21,55,18,16,8,0,Baja,Riesgo
Tecnología,Camión 05,109,2,149,14,31,80,8,34,0,Baja,Normal
Ropa,Camión 05,12,3,173,37,148,89,9,19,0,Alta,Normal
Ropa,Camión 05,61,5,58,44,17,5,4,7,0,Media,Normal
Muebles,Camión 06,112,2,48,14,48,48,8,31,0,Media,Riesgo
Muebles,Camión 01,33,5,102,43,58,72,7,18,1,Alta,Riesgo
Electrodoméstico,Camión 03,45,2,9,55,55,49,15,14,0,Media,Riesgo
Tecnología,Camión 01,90,3,113,43,47,80,3,39,0,Baja,Normal
Tecnología,Camión 03,103,3,31,22,145,94,17,36,1,Baja,Riesgo
Alimentos,Camión 06,92,4,120,48,63,11,11,17,0,Alta,Riesgo
Electrodoméstico,Camión 06,69,6,91,51,101,22,9,37,0,Alta,Riesgo
Electrodoméstico,Camión 06,8,2,108,54,49,53,5,9,0,Media,Normal
Electrodoméstico,Camión 06,25,4,127,57,43,68,10,20,0,Media,Normal
Electrodoméstico,Camión 03,91,2,83,23,105,99,15,28,0,Baja,Riesgo
Tecnología,Camión 05,46,4,47,20,88,58,14,20,0,Alta,Normal
Tecnología,Camión 03,87,3,101,51,136,35,4,36,0,Media,Normal
Electrodoméstico,Camión 01,30,5,35,47,26,2,2,27,1,Media,Riesgo
Alimentos,Camión 06,109,7,103,13,119,57,12,8,0,Baja,Riesgo
Ropa,Camión 06,47,4,21,42,61,87,1,32,1,Baja,Riesgo
Ropa,Camión 01,87,2,87,16,127,54,5,1,0,Baja,Normal
Alimentos,Camión 03,49,2,114,50,18,56,6,17,1,Baja,Riesgo
Electrodoméstico,Camión 05,47,7,36,17,42,16,11,9,0,Media,Normal
Tecnología,Camión 05,84,6,172,46,122,38,8,20,0,Alta,Normal
Ropa,Camión 01,82,3,145,19,158,89,7,32,0,Alta,Normal
Muebles,Camión 05,18,2,39,52,94,67,4,2,0,Baja,Riesgo
Muebles,Camión 03,66,1,137,24,19,54,6,32,0,Baja,Normal
Alimentos,Camión 03,68,5,33,47,15,44,16,9,0,Media,Riesgo
Electrodoméstico,Camión 01,94,4,74,24,124,75,15,30,1,Baja,Riesgo
Ropa,Camión 03,33,6,157,14,130,0,14,20,1,Alta,Riesgo
Electrodoméstico,Camión 06,36,7,99,38,150,20,12,38,0,Baja,Riesgo
Ropa,Camión 01,82,5,26,28,74,82,12,1,0,Alta,Riesgo
Alimentos,Camión 03,101,3,177,19,29,20,16,5,0,Baja,Riesgo
Alimentos,Camión 01,19,6,73,21,66,51,15,35,0,Baja,Normal
Muebles,Camión 05,111,4,93,13,55,81,13,36,1,Alta,Riesgo
Electrodoméstico,Camión 03,28,4,76,40,145,42,11,1,0,Media,Riesgo
Muebles,Camión 06,40,7,133,27,19,51,17,14,1,Media,Riesgo
Electrodoméstico,Camión 03,84,1,176,25,122,66,15,9,0,Baja,Riesgo
Muebles,Camión 01,113,7,91,49,148,43,14,30,0,Baja,Riesgo
Tecnología,Camión 01,97,3,100,45,21,31,10,24,0,Alta,Riesgo
Tecnología,Camión 03,76,6,79,34,147,9,12,4,0,Alta,Riesgo
Tecnología,Camión 06,115,6,171,32,20,63,16,14,0,Baja,Riesgo
Tecnología,Camión 06,15,2,58,21,127,78,15,25,1,Alta,Normal
Ropa,Camión 06,41,1,92,43,48,68,10,4,0,Media,Normal
Tecnología,Camión 01,39,1,161,45,62,67,4,25,0,Media,Normal
Alimentos,Camión 03,2,6,58,46,65,27,9,10,0,Alta,Normal
Alimentos,Camión 05,63,6,20,12,113,52,9,35,0,Alta,Riesgo
Ropa,Camión 01,29,5,103,18,138,50,11,7,0,Alta,Normal
Tecnología,Camión 06,105,5,24,27,65,52,11,13,0,Media,Riesgo
Tecnología,Camión 03,74,5,50,52,127,3,7,4,0,Baja,Riesgo
Tecnología,Camión 06,66,1,131,44,141,78,10,36,1,Alta,Riesgo
Muebles,Camión 05,51,2,62,43,39,16,4,14,0,Alta,Normal
Electrodoméstico,Camión 06,75,4,115,50,21,66,5,18,1,Alta,Riesgo
Muebles,Camión 06,77,5,133,23,44,73,5,8,0,Baja,Normal
Electrodoméstico,Camión 05,10,2,85,13,86,46,11,32,1,Alta,Normal
Tecnología,Camión 03,14,7,161,38,111,55,9,27,0,Alta,Normal
Tecnología,Camión 01,82,3,88,50,96,22,16,37,0,Media,Riesgo
Muebles,Camión 03,51,5,74,54,61,17,9,23,1,Alta,Riesgo
Muebles,Camión 05,118,7,12,59,89,0,4,7,0,Media,Riesgo
Electrodoméstico,Camión 06,73,4,33,24,144,34,2,12,0,Baja,Riesgo
Alimentos,Camión 03,39,3,116,37,31,63,14,25,0,Alta,Normal
Electrodoméstico,Camión 01,28,3,165,51,84,57,3,3,1,Alta,Riesgo
Muebles,Camión 05,3,4,135,25,67,94,18,26,1,Media,Normal
Muebles,Camión 03,84,5,167,21,102,58,6,4,0,Baja,Normal
Ropa,Camión 01,70,1,112,14,112,0,11,36,0,Baja,Riesgo
Muebles,Camión 05,27,4,113,43,149,2,18,15,1,Media,Riesgo
Ropa,Camión 01,117,4,24,51,16,66,12,32,0,Baja,Riesgo
Alimentos,Camión 05,2,4,77,10,137,36,5,29,0,Baja,Riesgo
Electrodoméstico,Camión 06,93,3,171,48,64,82,9,10,0,Baja,Riesgo
Electrodoméstico,Camión 03,38,2,8,41,115,28,18,21,0,Baja,Riesgo
Ropa,Camión 01,3,7,23,35,71,88,19,16,0,Baja,Riesgo
Electrodoméstico,Camión 05,16,1,106,26,99,32,3,19,0,Baja,Normal
Muebles,Camión 01,94,5,177,57,107,99,9,29,0,Baja,Riesgo
Tecnología,Camión 01,40,5,175,36,86,60,4,18,0,Baja,Normal
Ropa,Camión 03,2,7,145,33,128,92,17,16,0,Alta,Normal
Electrodoméstico,Camión 06,81,2,145,44,45,89,17,1,0,Media,Riesgo
Ropa,Camión 01,41,4,90,55,98,3,2,2,1,Baja,Riesgo
Ropa,Camión 05,12,1,56,51,154,13,9,15,0,Media,Riesgo
Tecnología,Camión 05,35,5,115,48,139,90,9,39,0,Baja,Normal
Muebles,Camión 06,107,7,113,35,150,32,5,28,1,Baja,Riesgo
Ropa,Camión 05,65,6,90,58,102,21,15,1,0,Alta,Riesgo
Electrodoméstico,Camión 06,55,7,47,47,123,47,15,5,0,Media,Riesgo
Alimentos,Camión 05,45,5,46,32,37,2,3,22,0,Media,Normal
Ropa,Camión 03,79,4,94,31,152,86,19,36,0,Alta,Riesgo
Ropa,Camión 01,90,6,119,13,42,84,3,13,1,Alta,Riesgo
Tecnología,Camión 03,101,2,30,58,29,22,6,1,1,Media,Riesgo
Muebles,Camión 01,85,1,155,18,149,67,4,16,0,Baja,Normal
Alimentos,Camión 01,62,2,47,13,110,20,13,22,0,Baja,Riesgo
Electrodoméstico,Camión 01,49,2,81,16,32,42,13,32,0,Media,Normal
Alimentos,Camión 03,95,7,160,32,121,94,11,16,0,Baja,Riesgo
Electrodoméstico,Camión 01,25,1,141,11,23,84,5,15,0,Alta,Normal
Muebles,Camión 03,23,1,24,58,100,25,1,12,0,Alta,Riesgo
Electrodoméstico,Camión 06,24,5,43,33,86,40,9,1,0,Alta,Riesgo
Tecnología,Camión 05,38,5,16,49,94,98,17,17,0,Media,Riesgo
Tecnología,Camión 05,28,1,15,40,118,37,1,28,1,Media,Riesgo
Tecnología,Camión 01,21,6,158,56,40,87,3,7,0,Media,Normal
Tecnología,Camión 03,54,3,46,40,131,10,15,9,0,Baja,Riesgo
Alimentos,Camión 05,107,5,159,56,116,28,10,22,0,Media,Riesgo
Muebles,Camión 03,18,3,15,49,63,59,8,26,0,Media,Riesgo
Electrodoméstico,Camión 03,36,7,42,57,142,66,12,12,0,Alta,Riesgo
Electrodoméstico,Camión 01,99,6,102,52,150,64,15,7,0,Baja,Riesgo
Tecnología,Camión 05,45,1,175,43,52,60,9,15,0,Baja,Normal
Tecnología,Camión 01,119,6,23,33,98,18,10,38,0,Alta,Riesgo
Ropa,Camión 01,73,5,138,58,124,45,9,21,1,Baja,Riesgo
Muebles,Camión 05,53,2,178,35,108,48,15,14,0,Media,Normal
Alimentos,Camión 05,102,7,120,25,56,21,1,2,0,Baja,Normal
Electrodoméstico,Camión 06,30,1,117,56,80,77,2,8,0,Alta,Normal
Ropa,Camión 06,60,4,174,22,76,56,19,6,1,Baja,Riesgo
Ropa,Camión 03,108,7,69,24,71,13,14,37,0,Alta,Riesgo
Electrodoméstico,Camión 05,98,3,103,36,118,43,8,37,0,Media,Normal
Alimentos,Camión 06,32,6,76,13,46,15,6,33,1,Media,Riesgo
Ropa,Camión 03,67,1,56,25,128,96,12,6,0,Alta,Riesgo
Ropa,Camión 03,67,7,122,39,95,76,15,26,0,Media,Riesgo
Muebles,Camión 03,28,6,179,53,135,11,14,39,0,Media,Normal
Alimentos,Camión 06,44,1,124,39,145,54,1,37,0,Baja,Normal
Ropa,Camión 05,79,5,11,45,61,50,11,14,0,Media,Riesgo
Alimentos,Camión 01,41,7,15,12,100,38,3,37,0,Alta,Riesgo
Electrodoméstico,Camión 03,63,5,107,31,42,32,19,8,1,Media,Riesgo
Tecnología,Camión 06,23,7,65,58,90,32,18,39,0,Baja,Riesgo
Ropa,Camión 06,104,5,72,31,51,28,2,13,0,Alta,Normal
Muebles,Camión 01,75,6,157,59,121,68,7,13,0,Media,Normal
Electrodoméstico,Camión 01,48,4,144,59,135,69,8,28,1,Media,Riesgo
Alimentos,Camión 06,32,7,158,58,145,30,19,18,0,Media,Normal
Electrodoméstico,Camión 05,57,7,106,21,115,79,15,19,0,Alta,Normal
Ropa,Camión 01,118,5,114,30,134,30,10,38,0,Baja,Riesgo
Alimentos,Camión 06,100,1,144,13,122,88,1,32,0,Alta,Normal
Tecnología,Camión 01,33,7,175,40,73,45,6,22,0,Alta,Normal
Electrodoméstico,Camión 05,24,5,55,53,132,96,13,2,0,Baja,Normal
Ropa,Camión 03,39,2,121,40,123,76,14,13,0,Alta,Normal
Muebles,Camión 01,34,5,169,32,29,51,3,23,1,Alta,Riesgo
Alimentos,Camión 05,56,6,50,29,25,9,11,25,0,Media,Normal
Electrodoméstico,Camión 06,28,4,57,24,154,87,3,28,0,Alta,Riesgo
Electrodoméstico,Camión 01,37,2,92,32,28,73,19,11,1,Media,Riesgo
Tecnología,Camión 01,7,6,125,37,129,40,10,33,1,Alta,Normal
Tecnología,Camión 06,68,6,17,25,145,94,15,24,0,Media,Riesgo
Muebles,Camión 03,37,6,93,46,47,76,11,2,1,Media,Riesgo
Muebles,Camión 06,56,1,129,30,102,2,15,30,0,Media,Normal
Ropa,Camión 01,65,6,122,24,114,58,13,17,0,Baja,Riesgo
Ropa,Camión 06,65,1,58,26,109,51,5,34,1,Alta,Riesgo
Muebles,Camión 05,47,6,120,59,99,33,4,38,0,Alta,Normal
Muebles,Camión 06,20,3,122,46,53,48,13,22,0,Alta,Normal
Alimentos,Camión 01,19,2,8,22,85,27,9,5,0,Baja,Riesgo
Tecnología,Camión 06,29,3,79,28,154,82,17,16,0,Media,Normal
Ropa,Camión 03,74,6,53,39,88,86,2,13,0,Alta,Normal
Tecnología,Camión 06,60,2,11,54,82,95,5,26,0,Baja,Riesgo
Tecnología,Camión 03,18,2,114,27,149,12,16,31,1,Baja,Riesgo
Muebles,Camión 05,92,7,126,23,105,96,7,39,0,Alta,Normal
Alimentos,Camión 03,35,4,15,45,98,97,1,23,0,Media,Riesgo
Electrodoméstico,Camión 06,43,3,96,45,112,96,12,12,1,Baja,Riesgo
Alimentos,Camión 01,111,4,177,29,155,68,11,14,0,Alta,Riesgo
Alimentos,Camión 03,95,2,27,28,15,66,12,18,0,Media,Riesgo
Tecnología,Camión 05,91,1,32,54,131,60,19,27,0,Baja,Riesgo
Alimentos,Camión 03,11,2,115,53,125,59,12,28,0,Baja,Normal
Ropa,Camión 03,49,4,61,16,71,70,12,18,0,Alta,Normal
Tecnología,Camión 03,113,3,30,53,153,23,14,16,0,Alta,Riesgo
Ropa,Camión 05,38,6,157,13,145,62,2,16,0,Media,Normal
Electrodoméstico,Camión 06,64,7,58,43,98,85,2,13,0,Alta,Normal
Tecnología,Camión 03,69,7,33,11,105,60,4,29,0,Alta,Riesgo
Electrodoméstico,Camión 03,8,7,101,14,135,22,16,9,1,Media,Riesgo
Tecnología,Camión 01,34,6,168,19,99,29,10,26,0,Alta,Normal
Muebles,Camión 05,48,7,18,41,95,59,13,28,0,Media,Riesgo
Alimentos,Camión 03,116,3,82,51,147,17,2,13,0,Media,Riesgo
Muebles,Camión 05,56,6,39,50,130,95,3,36,1,Media,Riesgo
Electrodoméstico,Camión 03,76,7,34,22,85,55,19,9,0,Alta,Riesgo
Alimentos,Camión 06,102,6,96,48,101,52,6,14,1,Media,Riesgo
Tecnología,Camión 06,65,4,21,14,79,6,19,12,0,Alta,Riesgo
Alimentos,Camión 03,31,3,162,19,157,96,19,32,1,Media,Riesgo
Ropa,Camión 06,4,5,97,19,142,68,8,38,0,Alta,Normal
Alimentos,Camión 03,113,1,177,47,32,91,14,3,0,Media,Riesgo
Ropa,Camión 06,109,7,83,36,146,71,10,16,0,Baja,Riesgo
Alimentos,Camión 01,50,1,114,30,67,78,3,20,0,Baja,Normal
Ropa,Camión 01,69,6,106,17,55,51,6,32,0,Baja,Normal
Electrodoméstico,Camión 01,30,1,110,10,31,3,15,23,0,Media,Normal
Muebles,Camión 05,88,3,51,37,17,33,18,17,0,Alta,Riesgo
Tecnología,Camión 05,59,3,68,58,132,68,14,16,0,Media,Normal
Alimentos,Camión 01,67,2,170,48,29,32,19,38,0,Media,Riesgo
Muebles,Camión 05,75,7,68,23,87,68,10,8,0,Media,Riesgo
Tecnología,Camión 06,45,2,91,30,48,37,15,19,0,Media,Normal
Tecnología,Camión 03,4,1,11,39,46,97,4,30,0,Alta,Riesgo
Ropa,Camión 03,26,5,26,30,84,25,2,34,0,Media,Riesgo
Electrodoméstico,Camión 03,27,2,85,58,127,0,3,14,0,Baja,Riesgo
Electrodoméstico,Camión 01,46,2,173,18,113,3,7,22,0,Baja,Normal
Muebles,Camión 05,118,3,78,26,40,38,16,17,0,Baja,Riesgo
Electrodoméstico,Camión 06,107,5,142,14,132,53,10,15,0,Media,Riesgo
Alimentos,Camión 06,64,6,139,40,63,89,19,32,0,Alta,Riesgo
Electrodoméstico,Camión 01,91,1,129,49,43,32,17,13,0,Alta,Riesgo
Muebles,Camión 06,106,2,54,47,131,32,19,21,1,Alta,Riesgo
Electrodoméstico,Camión 06,51,5,56,52,122,71,5,33,0,Media,Riesgo
Alimentos,Camión 06,50,7,165,28,71,19,13,27,0,Alta,Normal
Ropa,Camión 06,6,5,5,45,32,15,13,35,0,Baja,Riesgo
Muebles,Camión 05,59,1,166,59,55,20,11,16,0,Alta,Normal
Ropa,Camión 06,15,5,8,42,65,44,11,28,0,Media,Riesgo
Ropa,Camión 03,117,5,149,22,144,89,16,34,0,Media,Riesgo
Ropa,Camión 01,30,5,136,23,127,86,15,1,1,Alta,Riesgo
Tecnología,Camión 05,42,7,175,42,140,81,17,31,1,Media,Riesgo
Tecnología,Camión 06,101,2,8,38,122,61,18,36,0,Alta,Riesgo
Ropa,Camión 05,37,1,5,52,53,30,19,33,0,Alta,Riesgo
Muebles,Camión 06,42,7,75,58,137,41,4,33,0,Baja,Riesgo
Alimentos,Camión 03,101,5,39,45,117,11,5,39,0,Media,Riesgo
Alimentos,Camión 01,35,5,12,53,26,64,7,18,1,Baja,Riesgo
Electrodoméstico,Camión 06,87,2,156,19,68,72,2,23,0,Media,Normal
Muebles,Camión 06,6,1,40,40,147,2,1,23,0,Alta,Riesgo
Tecnología,Camión 06,68,3,127,15,108,89,12,15,0,Media,Riesgo
Ropa,Camión 06,18,7,47,10,93,8,10,26,0,Alta,Riesgo
Electrodoméstico,Camión 01,73,2,31,16,155,50,8,30,1,Media,Riesgo
Alimentos,Camión 01,113,1,36,36,54,15,1,25,0,Baja,Riesgo
Tecnología,Camión 03,29,7,82,30,117,87,12,16,0,Baja,Normal
Tecnología,Camión 01,77,5,125,37,71,77,2,39,0,Alta,Normal
Ropa,Camión 06,59,1,150,25,68,2,10,14,1,Baja,Riesgo
Alimentos,Camión 03,47,1,160,55,147,97,17,17,0,Alta,Normal
Muebles,Camión 03,116,6,161,32,20,96,3,12,1,Alta,Riesgo
Tecnología,Camión 03,17,1,20,29,111,23,7,29,0,Alta,Riesgo
Ropa,Camión 06,109,3,103,47,79,72,12,32,1,Media,Riesgo
Muebles,Camión 05,96,1,51,34,132,12,8,24,0,Alta,Riesgo
Alimentos,Camión 06,112,3,35,37,43,1,12,13,0,Baja,Riesgo
Tecnología,Camión 01,22,5,8,14,110,70,3,20,0,Media,Riesgo
Muebles,Camión 01,68,3,169,30,154,20,17,15,0,Baja,Riesgo
Muebles,Camión 06,69,7,21,27,113,18,9,4,0,Alta,Riesgo
Muebles,Camión 06,37,5,43,56,49,88,10,34,1,Alta,Riesgo
Tecnología,Camión 03,105,5,52,15,28,46,6,28,0,Baja,Riesgo
Tecnología,Camión 06,49,3,178,38,76,21,1,2,0,Media,Normal
Electrodoméstico,Camión 03,13,2,43,28,91,74,12,30,0,Baja,Riesgo
Alimentos,Camión 01,34,4,136,42,73,32,5,26,0,Alta,Normal
Ropa,Camión 03,109,1,34,10,92,31,13,26,1,Media,Riesgo
Muebles,Camión 06,86,6,162,54,56,63,15,20,0,Alta,Riesgo
Electrodoméstico,Camión 01,53,4,26,12,15,84,11,28,1,Alta,Riesgo
Ropa,Camión 05,87,1,70,51,25,38,8,20,1,Baja,Riesgo
Electrodoméstico,Camión 03,51,1,112,30,155,83,5,11,0,Alta,Normal
Tecnología,Camión 01,3,5,16,44,48,71,2,10,0,Baja,Riesgo
Muebles,Camión 03,42,1,40,50,122,41,12,23,1,Media,Riesgo
Ropa,Camión 01,98,6,22,49,149,8,2,37,0,Alta,Riesgo
Ropa,Camión 01,32,1,94,12,147,24,16,19,0,Alta,Riesgo
Ropa,Camión 03,109,3,5,34,80,88,3,18,0,Media,Riesgo
Ropa,Camión 05,51,4,131,54,119,96,10,27,0,Baja,Normal
Ropa,Camión 01,113,3,94,47,64,1,19,6,1,Alta,Riesgo
Electrodoméstico,Camión 01,85,6,91,54,138,18,8,10,0,Media,Riesgo
Muebles,Camión 01,46,1,94,29,58,19,7,2,0,Alta,Normal
Tecnología,Camión 05,108,7,138,53,30,92,1,24,1,Baja,Riesgo
Tecnología,Camión 05,21,6,74,54,46,69,12,38,0,Baja,Normal
Tecnología,Camión 06,44,5,48,43,125,16,5,28,0,Baja,Riesgo
Tecnología,Camión 03,11,3,156,30,33,88,16,28,0,Baja,Normal
Electrodoméstico,Camión 05,103,3,90,57,64,67,4,39,0,Media,Normal
Alimentos,Camión 03,68,2,23,32,34,93,17,2,0,Alta,Riesgo
Muebles,Camión 06,115,1,105,15,144,83,2,5,0,Media,Normal
Ropa,Camión 03,1,5,150,22,136,2,12,11,0,Baja,Normal
Alimentos,Camión 05,92,7,99,58,102,86,1,10,0,Baja,Normal
Tecnología,Camión 03,63,3,105,32,103,50,12,2,0,Baja,Riesgo
Alimentos,Camión 05,24,3,34,18,80,81,12,15,1,Baja,Normal
Muebles,Camión 03,99,5,174,26,131,25,12,39,0,Alta,Riesgo
Ropa,Camión 05,13,6,37,11,33,55,19,37,1,Baja,Riesgo
Ropa,Camión 05,111,6,16,28,20,99,17,7,1,Alta,Riesgo
Muebles,Camión 03,98,1,122,28,82,63,11,20,0,Baja,Riesgo
Muebles,Camión 06,11,2,98,16,21,7,13,34,1,Alta,Normal
Tecnología,Camión 01,100,3,159,51,44,80,8,35,0,Alta,Normal
Ropa,Camión 06,51,2,171,51,150,94,10,34,1,Baja,Riesgo
Alimentos,Camión 03,17,6,141,29,32,36,8,22,0,Media,Normal
Electrodoméstico,Camión 06,99,6,153,18,92,96,8,31,0,Media,Normal
Electrodoméstico,Camión 05,82,4,80,26,97,26,9,23,0,Media,Riesgo
Muebles,Camión 01,104,7,33,36,89,44,7,19,0,Media,Riesgo
Tecnología,Camión 03,86,1,165,56,106,3,14,4,0,Media,Riesgo
Electrodoméstico,Camión 03,24,4,121,11,149,85,2,24,0,Baja,Normal
Ropa,Camión 03,19,7,19,45,43,89,11,20,0,Baja,Riesgo
Muebles,Camión 01,37,4,6,28,84,95,8,39,0,Baja,Riesgo
Alimentos,Camión 05,103,4,121,26,137,87,13,28,0,Baja,Riesgo
Muebles,Camión 03,85,1,176,14,150,98,15,39,0,Baja,Riesgo
Alimentos,Camión 06,8,1,22,48,40,36,3,17,0,Baja,Riesgo
Muebles,Camión 03,28,5,7,27,139,95,14,19,0,Alta,Riesgo
Muebles,Camión 03,5,2,139,16,112,70,15,35,1,Alta,Normal
Muebles,Camión 03,17,2,175,26,24,32,2,32,1,Baja,Normal
Alimentos,Camión 03,101,5,170,48,66,30,19,39,0,Baja,Riesgo
Alimentos,Camión 05,36,5,169,45,84,54,12,35,0,Alta,Normal
Muebles,Camión 06,118,6,165,49,43,11,4,30,0,Alta,Normal
Electrodoméstico,Camión 05,19,7,112,54,112,10,3,17,0,Baja,Normal
Tecnología,Camión 06,64,4,99,13,84,87,5,29,0,Alta,Normal
Tecnología,Camión 03,91,5,126,47,38,71,3,6,1,Media,Riesgo
Tecnología,Camión 01,117,3,15,34,25,31,15,17,0,Media,Riesgo
Alimentos,Camión 05,98,2,72,14,86,56,19,17,0,Media,Riesgo
Alimentos,Camión 01,11,5,127,39,46,37,2,14,0,Alta,Normal
Electrodoméstico,Camión 05,54,3,117,21,90,59,12,24,0,Baja,Normal
Tecnología,Camión 03,45,3,102,13,158,85,5,37,0,Baja,Normal
Tecnología,Camión 05,47,3,97,33,133,97,17,39,0,Baja,Normal
Muebles,Camión 03,12,6,26,38,28,18,14,32,0,Alta,Riesgo
Alimentos,Camión 05,118,6,176,18,111,83,10,36,1,Alta,Riesgo
Tecnología,Camión 03,21,3,131,13,145,55,3,37,0,Media,Normal
Electrodoméstico,Camión 03,118,7,138,33,86,13,4,14,1,Alta,Riesgo
Electrodoméstico,Camión 06,11,6,174,23,50,32,6,27,0,Media,Normal
Tecnología,Camión 03,103,4,29,14,70,9,16,19,0,Media,Riesgo
Alimentos,Camión 06,92,3,89,27,35,79,7,31,0,Baja,Normal
Electrodoméstico,Camión 03,5,4,59,51,80,63,15,9,0,Alta,Normal
Muebles,Camión 01,81,4,148,28,112,63,11,38,0,Baja,Riesgo
Electrodoméstico,Camión 03,56,3,99,21,79,61,1,17,0,Baja,Normal
Ropa,Camión 01,20,2,146,27,116,67,5,19,0,Alta,Normal
Ropa,Camión 01,41,7,171,26,116,90,13,4,0,Alta,Normal
Alimentos,Camión 03,46,3,160,39,112,91,14,11,0,Media,Normal
Tecnología,Camión 01,12,3,123,33,28,42,9,22,0,Media,Normal
Alimentos,Camión 06,70,6,13,20,77,79,17,4,0,Media,Riesgo
Alimentos,Camión 05,17,3,177,44,79,58,15,17,1,Media,Normal
Alimentos,Camión 03,115,2,154,32,122,51,7,8,0,Baja,Normal
Alimentos,Camión 01,19,6,164,26,66,96,12,34,0,Baja,Normal
Muebles,Camión 03,26,1,46,10,70,18,6,11,0,Alta,Riesgo
Muebles,Camión 06,48,1,57,24,101,20,16,31,0,Media,Riesgo
Electrodoméstico,Camión 03,108,4,78,41,39,21,5,11,0,Media,Normal
Ropa,Camión 03,108,7,43,18,136,8,9,38,1,Media,Riesgo
Alimentos,Camión 01,52,4,126,24,124,8,14,21,0,Baja,Normal
Electrodoméstico,Camión 06,96,2,19,37,15,72,8,30,1,Alta,Riesgo
Ropa,Camión 05,70,5,161,33,27,26,14,10,0,Baja,Riesgo
Tecnología,Camión 05,55,7,127,44,19,16,12,26,0,Alta,Normal
Muebles,Camión 01,100,1,115,31,101,43,10,27,0,Alta,Riesgo
Ropa,Camión 03,102,4,135,36,148,44,13,8,0,Baja,Riesgo
Tecnología,Camión 01,75,1,87,28,86,7,19,39,0,Baja,Riesgo
Ropa,Camión 01,33,2,14,54,110,79,15,8,0,Alta,Riesgo
Muebles,Camión 01,62,2,96,21,93,17,8,8,0,Baja,Normal
Muebles,Camión 03,88,5,33,29,61,32,10,34,1,Baja,Riesgo
Electrodoméstico,Camión 06,23,5,39,10,40,0,3,16,0,Alta,Riesgo
Alimentos,Camión 01,15,6,10,30,154,75,3,13,1,Alta,Riesgo
Ropa,Camión 03,27,7,144,58,119,5,5,23,0,Media,Normal
Ropa,Camión 06,75,2,115,54,102,40,16,12,0,Baja,Riesgo
Tecnología,Camión 01,64,4,42,10,62,54,17,27,1,Alta,Riesgo
Muebles,Camión 05,115,1,81,19,154,4,6,22,1,Baja,Riesgo
Ropa,Camión 06,114,3,97,56,95,58,16,32,1,Baja,Riesgo
Muebles,Camión 01,81,5,151,41,11,79,2,27,0,Alta,Normal
Ropa,Camión 06,51,3,71,48,95,17,15,2,0,Media,Riesgo
Electrodoméstico,Camión 06,53,4,140,31,142,48,18,33,0,Alta,Normal
Alimentos,Camión 06,78,5,12,27,13,81,1,26,0,Alta,Riesgo
Ropa,Camión 06,91,3,126,57,15,64,19,28,0,Baja,Riesgo
Muebles,Camión 06,82,7,88,55,158,82,12,19,1,Media,Riesgo
Electrodoméstico,Camión 06,92,4,179,41,127,53,8,5,1,Alta,Riesgo
Ropa,Camión 01,51,1,136,36,98,60,6,33,0,Baja,Normal
Tecnología,Camión 05,47,7,89,37,23,7,12,20,0,Alta,Normal
Alimentos,Camión 03,111,4,49,27,65,2,7,30,1,Baja,Riesgo
Ropa,Camión 06,4,6,140,48,90,24,18,8,0,Alta,Normal
Electrodoméstico,Camión 03,7,5,91,58,158,68,14,38,0,Media,Normal
Tecnología,Camión 01,109,2,20,38,55,54,8,17,0,Alta,Riesgo
Electrodoméstico,Camión 06,35,1,81,27,153,39,14,1,0,Baja,Riesgo
Electrodoméstico,Camión 05,48,7,13,53,25,82,5,3,1,Alta,Riesgo
Tecnología,Camión 03,73,7,64,17,129,81,9,26,0,Media,Riesgo
Electrodoméstico,Camión 06,72,3,82,40,93,49,8,31,0,Media,Normal
Tecnología,Camión 01,116,5,81,43,17,94,2,8,0,Media,Normal
Ropa,Camión 05,45,2,75,16,97,32,16,8,1,Media,Riesgo
Tecnología,Camión 03,81,4,19,45,140,17,13,35,1,Baja,Riesgo
Tecnología,Camión 03,81,2,75,27,28,56,7,39,0,Alta,Normal
Alimentos,Camión 06,113,5,106,47,106,15,16,28,0,Media,Riesgo
Tecnología,Camión 05,97,5,173,18,75,79,7,4,0,Alta,Normal
Tecnología,Camión 05,96,6,26,18,88,37,14,16,0,Baja,Riesgo
Ropa,Camión 05,72,6,156,55,95,40,14,13,0,Alta,Riesgo
Alimentos,Camión 05,19,2,117,17,133,6,12,20,0,Alta,Riesgo
Muebles,Camión 01,63,4,176,44,159,77,1,5,0,Media,Normal
Ropa,Camión 05,38,2,5,27,55,52,1,37,0,Media,Riesgo
Ropa,Camión 03,67,5,14,14,122,62,12,20,0,Baja,Riesgo
Muebles,Camión 03,59,5,114,23,100,88,15,24,1,Alta,Riesgo
Tecnología,Camión 01,69,3,117,37,150,31,4,36,0,Baja,Riesgo
Electrodoméstico,Camión 03,13,6,54,39,42,37,7,34,0,Baja,Riesgo
Alimentos,Camión 03,47,3,16,13,142,21,16,34,1,Baja,Riesgo
Electrodoméstico,Camión 05,110,1,93,48,86,15,3,19,0,Media,Normal
Muebles,Camión 03,61,5,158,29,130,51,7,17,0,Media,Normal
Ropa,Camión 01,31,3,116,34,137,28,6,5,0,Alta,Normal
Ropa,Camión 05,119,2,82,37,87,15,16,25,0,Alta,Riesgo
Alimentos,Camión 06,80,6,173,21,76,75,8,18,0,Alta,Normal
Ropa,Camión 05,114,6,168,11,124,16,6,8,0,Media,Normal
Ropa,Camión 01,96,4,125,52,72,63,10,27,1,Media,Riesgo
Alimentos,Camión 05,22,2,27,23,122,90,16,15,0,Baja,Riesgo
Alimentos,Camión 05,93,4,175,31,103,88,11,13,0,Media,Riesgo
Muebles,Camión 01,86,3,138,40,57,12,13,16,0,Baja,Riesgo
Ropa,Camión 05,43,7,175,32,21,71,6,22,0,Baja,Normal
Ropa,Camión 01,67,1,29,57,154,55,1,20,0,Media,Riesgo
Muebles,Camión 01,54,2,22,29,49,4,19,13,0,Baja,Riesgo
Tecnología,Camión 06,10,2,145,47,94,11,12,20,0,Baja,Normal
Tecnología,Camión 03,42,2,47,13,66,40,6,2,0,Alta,Normal
Tecnología,Camión 03,64,4,82,24,96,2,18,35,0,Baja,Riesgo
Muebles,Camión 05,21,3,32,33,93,98,13,19,0,Media,Riesgo
Ropa,Camión 05,80,2,150,34,130,32,7,37,1,Media,Riesgo
Muebles,Camión 06,76,7,63,10,83,85,13,6,0,Baja,Riesgo
Muebles,Camión 06,66,2,67,16,116,49,8,14,0,Alta,Normal
Tecnología,Camión 06,41,6,96,40,133,55,17,4,1,Media,Riesgo
Electrodoméstico,Camión 01,24,1,60,21,109,8,9,22,0,Media,Riesgo
Ropa,Camión 06,35,6,159,51,52,81,13,39,0,Alta,Normal
Tecnología,Camión 06,56,6,164,14,128,49,2,36,0,Baja,Normal
Electrodoméstico,Camión 05,30,1,115,53,32,28,4,34,0,Media,Normal
Electrodoméstico,Camión 06,57,7,141,59,46,38,2,27,0,Baja,Normal
Alimentos,Camión 01,94,3,72,51,143,90,4,7,1,Baja,Riesgo
Ropa,Camión 01,47,6,50,47,74,99,18,3,0,Baja,Normal
Electrodoméstico,Camión 05,35,3,71,21,143,44,5,33,1,Baja,Riesgo
Tecnología,Camión 06,19,6,158,48,31,16,19,2,0,Media,Normal
Alimentos,Camión 06,114,5,140,27,114,55,10,16,0,Alta,Riesgo
Ropa,Camión 01,8,1,10,11,97,97,18,25,0,Media,Riesgo
Muebles,Camión 06,26,6,28,19,134,45,10,15,1,Alta,Riesgo
Tecnología,Camión 06,113,5,98,24,88,66,5,24,1,Baja,Riesgo
Electrodoméstico,Camión 06,104,4,177,39,99,68,17,15,0,Alta,Riesgo
Electrodoméstico,Camión 03,71,5,17,53,60,13,13,31,0,Baja,Riesgo
Tecnología,Camión 05,30,2,29,26,111,66,17,14,0,Media,Riesgo
Electrodoméstico,Camión 03,7,6,152,13,115,22,9,14,0,Media,Normal
Alimentos,Camión 05,67,5,122,16,69,93,12,6,0,Alta,Riesgo
Ropa,Camión 01,65,3,86,50,55,60,14,14,1,Baja,Riesgo
Alimentos,Camión 06,36,4,115,40,45,22,14,17,0,Baja,Normal
Electrodoméstico,Camión 05,25,7,86,48,20,26,8,18,0,Alta,Normal
Muebles,Camión 03,37,6,70,43,21,53,5,20,0,Baja,Normal
Ropa,Camión 06,1,2,49,15,48,9,19,17,0,Baja,Normal
Ropa,Camión 01,15,7,118,59,148,88,14,16,0,Baja,Normal
Tecnología,Camión 05,37,5,179,47,45,76,9,39,0,Media,Normal
Tecnología,Camión 05,13,7,67,54,61,15,7,32,1,Media,Riesgo
Muebles,Camión 05,104,7,80,43,40,40,8,9,0,Media,Normal
Ropa,Camión 06,8,4,118,53,42,97,14,27,0,Baja,Normal
Muebles,Camión 03,5,7,115,24,150,54,14,33,0,Media,Normal
Tecnología,Camión 03,60,7,151,23,155,60,11,10,0,Baja,Normal
Tecnología,Camión 05,73,6,39,15,67,85,14,17,0,Baja,Riesgo
Ropa,Camión 01,1,4,57,59,137,80,8,36,0,Alta,Riesgo
Alimentos,Camión 01,36,2,30,46,40,86,3,17,0,Baja,Riesgo
Electrodoméstico,Camión 03,35,5,18,59,64,99,18,18,1,Media,Riesgo
Tecnología,Camión 01,66,4,122,41,19,48,3,23,0,Media,Normal
Tecnología,Camión 03,63,4,49,12,139,72,13,34,0,Baja,Riesgo
Alimentos,Camión 05,104,1,176,12,24,51,12,8,1,Media,Riesgo
Alimentos,Camión 03,23,4,55,31,12,1,15,13,0,Baja,Normal
Muebles,Camión 03,9,1,175,31,52,95,18,23,1,Alta,Normal
Muebles,Camión 05,34,5,123,19,76,49,5,20,0,Baja,Normal
Electrodoméstico,Camión 01,46,7,155,12,65,85,7,22,0,Baja,Normal
Electrodoméstico,Camión 03,78,6,23,21,72,42,11,23,1,Alta,Riesgo
Ropa,Camión 03,4,6,86,38,24,76,11,35,1,Media,Normal
Muebles,Camión 05,30,5,80,57,118,7,15,3,0,Alta,Riesgo
Tecnología,Camión 01,95,5,96,26,125,58,10,34,0,Alta,Riesgo
Muebles,Camión 03,102,3,37,16,101,64,15,33,0,Baja,Riesgo
Tecnología,Camión 05,75,7,151,22,147,80,13,17,1,Baja,Riesgo
Alimentos,Camión 03,99,5,32,11,56,11,14,19,0,Alta,Riesgo
Muebles,Camión 06,72,4,127,13,66,3,17,30,1,Media,Riesgo
Alimentos,Camión 05,3,6,130,19,59,76,13,23,0,Alta,Normal
Electrodoméstico,Camión 01,14,2,41,48,80,94,10,15,0,Media,Riesgo
Electrodoméstico,Camión 01,60,6,158,33,152,40,1,14,0,Alta,Normal
Ropa,Camión 01,77,1,103,26,155,6,1,2,0,Alta,Riesgo
Muebles,Camión 01,45,6,102,15,91,86,15,39,1,Media,Riesgo
Alimentos,Camión 03,96,3,131,28,125,87,16,18,0,Alta,Riesgo
Tecnología,Camión 03,34,7,172,14,114,68,12,6,1,Baja,Riesgo
Electrodoméstico,Camión 01,45,5,84,41,97,68,6,32,0,Alta,Normal
Electrodoméstico,Camión 01,61,7,42,19,11,80,6,21,0,Baja,Normal
Tecnología,Camión 01,83,5,81,18,113,29,12,28,1,Media,Riesgo
Alimentos,Camión 03,102,6,130,36,93,72,15,27,0,Media,Riesgo
Alimentos,Camión 01,16,2,91,22,52,5,4,2,0,Baja,Normal
Muebles,Camión 01,66,2,58,28,80,88,4,33,0,Alta,Riesgo
Muebles,Camión 06,40,3,154,30,103,18,2,16,1,Baja,Riesgo
Ropa,Camión 06,17,1,20,33,51,79,12,39,1,Baja,Riesgo
Electrodoméstico,Camión 01,119,6,32,47,142,84,7,22,0,Media,Riesgo
Muebles,Camión 05,34,5,167,13,148,65,9,13,1,Baja,Riesgo
Alimentos,Camión 01,106,6,177,33,74,9,9,2,0,Alta,Riesgo
Tecnología,Camión 06,16,3,50,44,43,15,8,14,0,Baja,Normal
Alimentos,Camión 05,102,4,76,12,129,36,14,38,1,Media,Riesgo
Electrodoméstico,Camión 05,60,4,89,13,10,78,1,28,0,Alta,Normal
Alimentos,Camión 01,66,3,30,46,139,76,12,7,1,Media,Riesgo
Ropa,Camión 06,66,5,89,49,157,76,2,18,0,Baja,Normal
Electrodoméstico,Camión 06,90,7,157,57,70,31,13,36,0,Baja,Riesgo
Tecnología,Camión 05,13,3,69,44,158,46,4,36,0,Media,Riesgo
Ropa,Camión 01,56,5,138,40,97,71,18,4,0,Media,Normal
Electrodoméstico,Camión 03,111,2,155,53,77,42,19,30,0,Alta,Riesgo
Tecnología,Camión 03,31,3,119,34,136,81,16,24,0,Media,Normal
Ropa,Camión 06,34,5,68,49,149,35,14,20,0,Media,Riesgo
Ropa,Camión 03,39,3,91,22,31,25,8,31,0,Baja,Normal
Electrodoméstico,Camión 06,67,3,175,13,157,9,12,24,0,Baja,Riesgo
Muebles,Camión 06,8,7,111,55,91,30,9,7,1,Media,Normal
Ropa,Camión 06,87,7,155,23,138,96,6,26,0,Media,Normal
Ropa,Camión 03,78,5,100,22,39,28,18,13,0,Baja,Riesgo
Tecnología,Camión 06,55,5,162,36,135,4,2,8,1,Alta,Riesgo
Alimentos,Camión 05,27,1,81,15,106,76,8,5,0,Alta,Normal
Electrodoméstico,Camión 01,118,3,150,26,33,0,14,13,1,Alta,Riesgo
Electrodoméstico,Camión 01,93,4,91,45,23,86,6,29,0,Alta,Normal
Muebles,Camión 06,103,3,153,49,45,2,10,20,0,Baja,Riesgo
Muebles,Camión 01,53,3,61,58,33,66,8,14,1,Media,Riesgo
Electrodoméstico,Camión 03,39,5,107,44,104,70,17,32,0,Alta,Normal
Muebles,Camión 03,65,3,155,26,64,99,12,27,0,Baja,Riesgo
Tecnología,Camión 01,17,6,95,50,33,34,17,25,0,Media,Normal
Electrodoméstico,Camión 03,105,3,49,11,35,14,13,4,0,Alta,Riesgo
Muebles,Camión 01,30,6,176,22,89,66,19,21,0,Media,Normal
Electrodoméstico,Camión 01,53,7,92,11,74,92,12,18,1,Alta,Riesgo
Alimentos,Camión 01,13,4,119,37,84,29,16,39,0,Media,Normal
Ropa,Camión 06,21,5,51,52,52,81,5,15,0,Alta,Riesgo
Electrodoméstico,Camión 01,19,3,172,35,38,74,16,38,1,Alta,Normal
Ropa,Camión 06,53,6,174,31,90,42,6,24,0,Media,Normal
Muebles,Camión 01,19,6,139,56,63,59,11,8,0,Media,Normal
Ropa,Camión 01,57,7,54,52,48,39,17,28,1,Media,Riesgo
Electrodoméstico,Camión 01,25,6,88,12,51,64,14,21,1,Baja,Normal
Alimentos,Camión 03,86,2,95,44,38,28,6,16,0,Baja,Normal
Muebles,Camión 06,31,1,138,21,140,73,11,16,0,Media,Normal
Electrodoméstico,Camión 06,81,4,95,33,147,91,12,35,0,Baja,Riesgo
Muebles,Camión 01,55,7,141,14,151,94,13,17,0,Alta,Normal
Tecnología,Camión 01,23,7,113,29,51,18,4,9,0,Media,Normal
Ropa,Camión 03,32,3,61,48,103,2,7,35,1,Baja,Riesgo
Tecnología,Camión 03,62,2,35,48,41,35,2,29,1,Media,Riesgo
Electrodoméstico,Camión 03,74,3,25,22,35,42,6,39,1,Alta,Riesgo
Alimentos,Camión 06,10,3,94,50,124,14,6,18,0,Alta,Riesgo
Muebles,Camión 06,100,5,44,54,138,96,18,12,1,Baja,Riesgo
Ropa,Camión 06,72,5,116,21,65,40,8,19,0,Alta,Normal
Muebles,Camión 01,54,5,49,22,131,89,8,22,0,Media,Normal
Electrodoméstico,Camión 06,52,2,81,19,115,79,8,15,0,Baja,Normal
Muebles,Camión 05,20,3,91,42,139,35,8,1,0,Media,Riesgo
Ropa,Camión 05,32,1,152,49,90,96,1,2,1,Media,Riesgo
Electrodoméstico,Camión 03,114,4,105,25,129,83,2,8,0,Media,Normal
Muebles,Camión 06,14,5,121,54,61,76,12,22,0,Alta,Normal
Alimentos,Camión 05,50,5,96,44,100,32,15,25,1,Media,Riesgo
Electrodoméstico,Camión 03,28,7,149,12,146,4,4,2,0,Alta,Normal
Electrodoméstico,Camión 06,110,3,32,14,31,77,3,9,1,Media,Riesgo
Alimentos,Camión 01,116,3,173,35,43,90,14,9,0,Alta,Riesgo
Tecnología,Camión 05,53,2,29,20,119,86,8,13,0,Alta,Riesgo
Ropa,Camión 01,24,2,62,16,58,13,13,6,1,Alta,Normal
Tecnología,Camión 06,79,5,45,19,138,67,19,30,0,Media,Riesgo
Muebles,Camión 05,22,3,138,51,82,82,5,15,0,Media,Normal
Alimentos,Camión 06,30,1,79,43,93,46,13,15,0,Alta,Normal
Tecnología,Camión 01,63,4,42,12,62,53,1,7,0,Media,Normal
Electrodoméstico,Camión 05,4,3,138,17,109,3,16,11,0,Alta,Normal
Muebles,Camión 01,77,7,177,40,133,93,2,38,0,Media,Normal
Muebles,Camión 06,59,3,79,20,54,82,7,2,0,Alta,Normal
Tecnología,Camión 06,87,6,146,54,146,94,6,39,0,Alta,Normal
Tecnología,Camión 01,8,2,70,16,114,94,5,10,0,Baja,Normal
Alimentos,Camión 05,82,7,172,54,159,8,4,17,0,Media,Normal
Ropa,Camión 01,12,4,7,11,155,52,2,7,0,Media,Riesgo
Tecnología,Camión 06,119,5,121,15,115,76,10,39,1,Baja,Riesgo
Tecnología,Camión 01,31,7,103,50,52,77,5,4,1,Alta,Riesgo
Electrodoméstico,Camión 06,78,3,156,41,143,59,18,35,0,Alta,Riesgo
Muebles,Camión 01,34,5,23,29,57,45,10,36,1,Baja,Riesgo
Ropa,Camión 05,82,3,150,43,135,53,15,31,0,Baja,Riesgo
Electrodoméstico,Camión 05,98,5,120,59,16,73,9,25,0,Alta,Riesgo
Alimentos,Camión 01,75,4,129,25,25,94,11,13,0,Media,Riesgo
Alimentos,Camión 01,105,2,92,34,138,36,17,18,0,Baja,Riesgo
Tecnología,Camión 05,76,4,39,21,124,22,9,21,0,Baja,Riesgo
Tecnología,Camión 06,49,6,5,16,46,26,16,1,0,Baja,Riesgo
Alimentos,Camión 05,79,1,157,48,134,69,6,36,1,Baja,Riesgo
Tecnología,Camión 06,57,2,177,26,90,89,11,8,1,Baja,Riesgo
Ropa,Camión 01,95,4,130,54,71,65,17,21,0,Baja,Riesgo
Tecnología,Camión 01,113,6,93,20,81,60,4,21,0,Alta,Normal
Muebles,Camión 06,93,1,148,15,134,76,15,27,0,Alta,Riesgo
Tecnología,Camión 01,26,6,151,32,75,50,1,19,0,Baja,Normal
Electrodoméstico,Camión 06,18,3,155,36,39,49,1,23,0,Alta,Normal
Ropa,Camión 03,96,3,29,55,29,18,9,35,0,Media,Riesgo
Electrodoméstico,Camión 05,86,5,20,15,91,0,12,5,0,Media,Riesgo
Electrodoméstico,Camión 03,38,2,77,47,116,39,4,8,1,Baja,Riesgo
Muebles,Camión 06,81,3,133,11,141,31,13,11,0,Media,Riesgo
Ropa,Camión 05,87,7,46,31,46,21,7,16,0,Media,Normal
Ropa,Camión 06,88,6,151,29,141,92,8,39,0,Alta,Normal
Ropa,Camión 05,50,2,166,34,86,65,13,24,0,Alta,Normal
Ropa,Camión 05,8,7,84,24,98,39,11,21,1,Alta,Normal
Ropa,Camión 05,41,3,108,58,155,37,9,23,0,Alta,Riesgo
Muebles,Camión 05,6,5,150,38,97,47,16,38,1,Media,Normal
Tecnología,Camión 06,69,4,38,17,42,54,10,8,1,Baja,Riesgo
Electrodoméstico,Camión 05,44,5,93,46,67,74,11,7,0,Alta,Normal
Ropa,Camión 05,64,7,129,58,37,80,12,2,0,Media,Riesgo
Tecnología,Camión 03,29,1,49,42,44,54,14,30,1,Alta,Riesgo
Tecnología,Camión 01,28,3,138,31,134,50,19,13,1,Media,Riesgo
Electrodoméstico,Camión 01,11,7,25,59,147,59,12,23,0,Alta,Riesgo
Muebles,Camión 03,65,1,126,56,74,7,18,29,1,Baja,Riesgo
Alimentos,Camión 03,107,1,74,14,51,85,17,38,1,Alta,Riesgo
Alimentos,Camión 06,19,6,100,48,94,67,3,37,0,Baja,Normal
Tecnología,Camión 06,9,2,109,27,146,74,1,20,0,Alta,Normal
Electrodoméstico,Camión 06,27,6,52,47,120,71,19,33,1,Alta,Riesgo
Alimentos,Camión 03,34,3,43,46,24,8,4,29,0,Alta,Riesgo
Tecnología,Camión 03,44,1,35,39,78,89,16,15,0,Media,Riesgo
Muebles,Camión 05,68,7,14,40,114,1,12,23,0,Media,Riesgo
Alimentos,Camión 06,100,4,34,19,159,79,13,3,0,Baja,Riesgo
Tecnología,Camión 06,82,1,22,24,73,94,17,37,0,Baja,Riesgo
Tecnología,Camión 06,15,7,92,51,50,69,8,29,1,Media,Normal
Ropa,Camión 01,51,4,129,57,80,84,13,8,0,Baja,Normal
Muebles,Camión 05,13,6,77,53,65,89,5,22,0,Baja,Normal
Ropa,Camión 06,83,6,19,27,34,58,18,29,0,Media,Riesgo
Electrodoméstico,Camión 06,49,2,8,32,114,18,15,2,0,Media,Riesgo
Ropa,Camión 06,70,7,172,42,143,27,12,1,0,Media,Riesgo
Ropa,Camión 01,112,1,13,25,128,71,17,20,0,Media,Riesgo
Alimentos,Camión 01,56,5,113,47,18,13,15,21,0,Alta,Normal
Tecnología,Camión 03,76,6,141,44,69,23,2,37,0,Media,Normal
Muebles,Camión 05,51,6,158,43,134,43,6,8,0,Baja,Normal
Ropa,Camión 03,37,2,136,37,58,55,17,27,0,Alta,Normal
Muebles,Camión 05,17,4,20,11,60,89,16,35,1,Alta,Riesgo
Ropa,Camión 01,58,2,147,39,79,94,17,6,0,Baja,Normal
Electrodoméstico,Camión 06,87,1,103,22,46,50,9,19,0,Alta,Riesgo
Ropa,Camión 03,90,7,125,50,40,31,5,18,0,Baja,Normal
Alimentos,Camión 06,29,3,56,25,71,49,1,1,0,Alta,Normal
Tecnología,Camión 03,33,3,73,14,102,40,6,25,0,Alta,Normal
Electrodoméstico,Camión 01,60,7,9,37,23,65,14,27,0,Baja,Riesgo
Ropa,Camión 01,91,4,24,48,88,24,17,7,0,Baja,Riesgo
Muebles,Camión 01,89,6,83,54,17,60,19,29,0,Baja,Riesgo
Electrodoméstico,Camión 03,55,4,150,29,45,65,1,31,1,Baja,Riesgo
Electrodoméstico,Camión 05,10,6,115,33,57,41,1,36,0,Media,Normal
Ropa,Camión 03,47,6,6,36,94,64,13,19,0,Media,Riesgo
Electrodoméstico,Camión 05,23,3,97,39,37,35,14,6,0,Baja,Normal
Muebles,Camión 03,85,4,17,54,60,75,6,25,1,Media,Riesgo
Electrodoméstico,Camión 03,21,2,8,36,113,8,6,31,1,Baja,Riesgo
Muebles,Camión 01,107,6,174,35,110,35,1,9,0,Baja,Normal
Ropa,Camión 06,13,5,113,16,38,91,14,20,0,Alta,Normal
Tecnología,Camión 06,101,5,78,51,136,37,3,10,0,Baja,Riesgo
Electrodoméstico,Camión 05,33,2,99,56,91,32,10,37,0,Baja,Normal
Tecnología,Camión 06,24,5,109,47,19,41,19,27,0,Baja,Normal
Muebles,Camión 03,108,1,12,14,115,60,19,13,0,Baja,Riesgo
Electrodoméstico,Camión 03,11,6,71,32,10,45,19,2,0,Alta,Normal
Alimentos,Camión 01,17,2,114,37,48,85,4,21,1,Baja,Normal
Tecnología,Camión 01,68,4,13,43,30,88,19,33,1,Alta,Riesgo
Electrodoméstico,Camión 06,47,6,121,24,74,60,10,24,0,Baja,Normal
Tecnología,Camión 05,25,2,15,41,24,17,2,34,0,Alta,Riesgo
Electrodoméstico,Camión 06,94,3,103,35,141,69,4,9,1,Media,Riesgo
Ropa,Camión 06,73,4,46,57,70,81,6,2,0,Alta,Riesgo
Tecnología,Camión 06,21,3,145,40,157,79,7,30,0,Alta,Normal
Alimentos,Camión 06,84,6,168,28,147,14,16,22,0,Baja,Riesgo
Alimentos,Camión 03,83,4,124,18,96,47,7,11,0,Alta,Normal
Muebles,Camión 05,83,5,145,38,114,71,18,17,0,Alta,Riesgo
Electrodoméstico,Camión 03,12,2,16,48,43,12,19,36,0,Baja,Riesgo
Tecnología,Camión 05,37,6,41,13,133,42,9,13,0,Media,Riesgo
Muebles,Camión 01,42,1,78,12,119,59,10,7,0,Media,Normal
Tecnología,Camión 06,17,4,77,38,42,56,13,16,0,Media,Normal
Electrodoméstico,Camión 03,101,4,56,20,107,70,18,33,0,Alta,Riesgo
Alimentos,Camión 05,118,7,134,42,70,16,16,1,1,Baja,Riesgo
Ropa,Camión 01,48,6,60,47,19,49,17,11,0,Media,Normal
Alimentos,Camión 01,103,6,64,20,93,31,13,6,0,Media,Riesgo
Muebles,Camión 06,28,3,27,36,74,21,12,20,0,Media,Riesgo
Ropa,Camión 05,41,7,107,42,86,54,10,35,0,Media,Normal
Muebles,Camión 03,99,5,44,30,10,56,1,37,0,Baja,Riesgo
Electrodoméstico,Camión 06,47,3,68,48,142,12,8,26,0,Media,Riesgo
Ropa,Camión 03,112,7,89,40,89,46,18,12,0,Alta,Riesgo
Muebles,Camión 01,18,3,155,47,24,86,2,30,0,Alta,Normal
Electrodoméstico,Camión 03,78,5,161,55,37,61,16,28,0,Baja,Riesgo
Alimentos,Camión 03,99,7,93,11,32,53,12,27,0,Media,Riesgo
Electrodoméstico,Camión 06,108,7,35,36,118,28,9,19,0,Media,Riesgo
Tecnología,Camión 03,105,1,24,45,116,21,3,5,0,Alta,Riesgo
Electrodoméstico,Camión 06,71,3,134,20,154,64,4,5,0,Baja,Normal
Electrodoméstico,Camión 01,105,3,157,56,122,28,2,27,0,Alta,Normal
Tecnología,Camión 06,13,4,17,27,107,47,8,28,0,Baja,Riesgo
Muebles,Camión 06,82,5,126,10,150,4,10,26,0,Baja,Riesgo
Muebles,Camión 05,101,2,107,44,151,34,16,27,0,Baja,Riesgo
Electrodoméstico,Camión 03,13,1,110,44,148,73,11,21,0,Alta,Normal
Tecnología,Camión 01,100,7,123,40,37,82,18,1,0,Baja,Riesgo
Tecnología,Camión 06,31,7,74,37,51,70,14,28,0,Alta,Normal
Alimentos,Camión 01,2,7,103,48,108,45,8,15,0,Alta,Normal
Muebles,Camión 05,16,1,86,10,70,34,15,17,1,Media,Normal
Ropa,Camión 03,9,7,79,34,132,44,17,26,1,Alta,Riesgo
Muebles,Camión 06,73,7,122,52,73,12,18,20,0,Alta,Riesgo
Muebles,Camión 03,38,5,88,47,40,9,6,25,0,Media,Normal
Alimentos,Camión 05,75,6,73,29,90,65,14,13,0,Media,Riesgo
Ropa,Camión 05,54,6,63,12,19,69,3,33,0,Media,Riesgo
Alimentos,Camión 01,56,4,130,11,17,71,7,25,0,Baja,Normal
Ropa,Camión 06,86,4,115,27,158,99,15,8,0,Baja,Riesgo
Electrodoméstico,Camión 01,97,7,66,53,68,24,16,5,1,Media,Riesgo
Ropa,Camión 05,100,5,148,19,39,43,16,6,0,Baja,Riesgo
Alimentos,Camión 03,109,7,132,14,154,59,8,23,0,Media,Normal
Muebles,Camión 01,87,4,109,18,29,46,7,30,0,Baja,Normal
Ropa,Camión 01,45,1,72,11,57,39,6,14,0,Alta,Normal
Ropa,Camión 03,109,1,19,43,139,6,2,23,1,Baja,Riesgo
Tecnología,Camión 01,34,2,39,47,46,45,13,11,1,Baja,Riesgo
Muebles,Camión 03,9,6,18,40,138,22,12,31,1,Alta,Riesgo
Electrodoméstico,Camión 06,88,5,106,19,141,82,15,6,0,Media,Riesgo
Alimentos,Camión 03,8,3,104,59,109,45,9,11,0,Baja,Normal
Electrodoméstico,Camión 06,7,6,11,21,63,85,2,13,0,Baja,Riesgo
Muebles,Camión 03,36,3,34,45,131,12,17,12,0,Alta,Riesgo
Ropa,Camión 05,18,2,53,30,34,20,5,2,0,Alta,Normal
Ropa,Camión 05,3,2,148,58,140,0,11,35,0,Alta,Normal
Muebles,Camión 06,28,7,115,56,18,18,19,36,0,Alta,Normal
Ropa,Camión 06,70,4,76,15,43,59,7,17,0,Media,Normal
Ropa,Camión 05,108,2,84,57,52,32,2,28,0,Baja,Normal
Ropa,Camión 06,44,2,87,58,83,3,16,28,0,Baja,Normal
Alimentos,Camión 03,21,3,46,12,103,2,12,22,0,Baja,Riesgo
Alimentos,Camión 03,28,4,21,19,31,90,15,38,0,Baja,Riesgo
Tecnología,Camión 05,104,2,177,14,79,51,1,7,0,Media,Normal
Electrodoméstico,Camión 01,54,6,11,55,139,98,13,15,0,Baja,Riesgo
Muebles,Camión 03,54,2,159,35,103,27,6,32,0,Media,Normal
Muebles,Camión 06,65,4,14,30,41,69,13,11,1,Media,Riesgo
Muebles,Camión 01,100,7,38,54,115,69,18,24,0,Alta,Riesgo
Tecnología,Camión 01,21,5,40,35,153,54,3,3,0,Alta,Riesgo
Alimentos,Camión 03,107,4,157,47,10,56,1,30,0,Baja,Normal
Tecnología,Camión 03,99,3,10,53,81,86,15,6,1,Media,Riesgo
Muebles,Camión 01,13,5,156,35,59,96,13,2,0,Alta,Normal
Electrodoméstico,Camión 01,57,6,150,17,150,15,5,14,0,Media,Normal
Ropa,Camión 05,49,1,138,14,24,23,13,18,0,Alta,Normal
Alimentos,Camión 06,118,4,33,24,62,68,5,31,0,Media,Riesgo
Alimentos,Camión 05,54,7,130,25,17,40,19,13,0,Baja,Normal
Tecnología,Camión 03,10,3,157,10,83,76,18,26,0,Baja,Normal
Alimentos,Camión 05,53,6,85,25,55,46,10,12,1,Media,Riesgo
Muebles,Camión 05,44,5,178,46,78,75,8,18,1,Alta,Riesgo
Muebles,Camión 05,47,6,156,12,123,68,15,9,0,Alta,Normal
Tecnología,Camión 05,53,4,79,56,156,30,4,21,0,Baja,Riesgo
Muebles,Camión 06,74,2,30,40,132,91,2,24,0,Baja,Riesgo
Electrodoméstico,Camión 06,46,7,131,22,148,91,6,34,1,Baja,Riesgo
Tecnología,Camión 01,13,4,119,25,126,29,3,8,0,Alta,Normal
Electrodoméstico,Camión 03,37,1,130,52,52,17,7,33,1,Alta,Riesgo
Ropa,Camión 05,102,4,32,30,29,43,10,23,0,Baja,Riesgo
Electrodoméstico,Camión 01,24,5,135,11,157,26,6,13,0,Media,Normal
Ropa,Camión 01,2,5,79,36,30,98,16,14,1,Alta,Normal
Ropa,Camión 01,86,4,170,47,91,25,2,14,0,Baja,Normal
Electrodoméstico,Camión 06,81,5,82,35,66,59,17,16,0,Media,Riesgo
Tecnología,Camión 05,100,2,94,47,83,17,13,38,0,Alta,Riesgo
Muebles,Camión 05,14,6,25,55,107,96,1,39,0,Media,Riesgo
Muebles,Camión 03,10,4,58,34,119,88,6,26,0,Media,Riesgo
Ropa,Camión 05,35,7,107,20,124,55,5,26,0,Alta,Normal
Ropa,Camión 05,25,2,63,17,51,30,13,1,0,Baja,Normal
Tecnología,Camión 01,3,6,76,17,77,58,18,32,1,Media,Normal
Alimentos,Camión 03,111,7,24,42,79,1,12,15,1,Baja,Riesgo
Electrodoméstico,Camión 05,102,7,116,16,87,96,7,21,0,Alta,Normal
Ropa,Camión 06,17,7,63,47,99,38,15,18,0,Media,Normal
Muebles,Camión 05,12,6,75,30,120,60,3,30,0,Media,Normal
Tecnología,Camión 01,54,2,141,17,121,62,16,13,0,Media,Normal
Electrodoméstico,Camión 06,116,7,113,30,112,95,1,24,0,Media,Normal
Tecnología,Camión 01,24,7,133,29,154,17,16,30,1,Media,Riesgo
Electrodoméstico,Camión 05,29,3,161,17,28,16,12,2,1,Alta,Riesgo
Electrodoméstico,Camión 06,43,4,60,55,79,97,19,19,0,Media,Normal
Ropa,Camión 03,25,6,39,40,72,38,8,25,0,Alta,Riesgo
Tecnología,Camión 03,100,6,127,59,84,70,12,14,0,Baja,Riesgo
Tecnología,Camión 06,60,5,135,38,113,53,15,6,0,Alta,Normal
Muebles,Camión 06,90,6,108,57,84,98,2,12,0,Media,Normal
Muebles,Camión 01,102,2,11,18,137,93,17,20,0,Baja,Riesgo
Ropa,Camión 06,65,6,31,24,65,75,7,23,0,Alta,Riesgo
Ropa,Camión 01,84,3,5,39,31,34,13,30,0,Alta,Riesgo
Alimentos,Camión 05,119,4,176,35,98,10,1,30,1,Alta,Riesgo
Muebles,Camión 01,28,4,91,19,28,60,6,38,0,Media,Normal
Electrodoméstico,Camión 06,16,6,45,38,35,43,13,30,0,Media,Riesgo
Tecnología,Camión 06,47,7,127,25,32,67,11,30,1,Alta,Riesgo
Ropa,Camión 05,81,1,79,45,56,24,10,36,1,Alta,Riesgo
Tecnología,Camión 06,104,1,46,29,22,47,16,34,0,Baja,Riesgo
Tecnología,Camión 06,92,7,121,54,75,31,17,16,0,Media,Riesgo
Alimentos,Camión 03,58,7,165,46,153,83,17,24,1,Media,Riesgo
Muebles,Camión 03,76,7,67,31,82,94,4,14,0,Baja,Normal
Ropa,Camión 05,27,2,169,16,86,3,5,26,0,Alta,Normal
Tecnología,Camión 01,118,1,131,32,40,37,14,8,0,Alta,Riesgo
Ropa,Camión 03,53,7,137,50,94,62,10,14,1,Baja,Riesgo
Electrodoméstico,Camión 01,42,2,52,49,68,46,14,31,0,Alta,Riesgo
Alimentos,Camión 06,59,5,7,38,50,0,1,2,1,Alta,Riesgo
Electrodoméstico,Camión 03,47,2,120,25,121,2,11,4,0,Baja,Normal
Ropa,Camión 05,94,1,179,47,105,85,18,1,0,Baja,Riesgo
Ropa,Camión 05,105,6,103,37,131,61,16,20,0,Baja,Riesgo
Muebles,Camión 05,34,5,120,57,114,63,18,14,0,Alta,Normal
Tecnología,Camión 03,37,1,18,47,83,16,8,25,0,Baja,Riesgo
Tecnología,Camión 01,6,2,116,40,141,77,10,25,0,Alta,Normal
Electrodoméstico,Camión 06,7,3,65,23,108,61,10,3,0,Media,Normal
Alimentos,Camión 01,96,4,163,42,135,34,5,5,0,Media,Normal
Tecnología,Camión 01,96,1,99,18,147,12,10,38,1,Baja,Riesgo
Muebles,Camión 06,117,7,21,36,84,34,18,26,0,Alta,Riesgo
Electrodoméstico,Camión 06,25,2,128,33,23,42,6,38,1,Alta,Normal
Electrodoméstico,Camión 03,33,7,28,22,47,1,3,38,0,Alta,Riesgo
Muebles,Camión 03,55,7,120,35,149,55,8,4,1,Baja,Riesgo
Alimentos,Camión 03,58,7,155,38,54,76,9,7,1,Alta,Riesgo
Muebles,Camión 03,7,7,86,58,154,50,5,30,0,Alta,Riesgo
Alimentos,Camión 03,116,7,54,52,84,53,2,30,1,Alta,Riesgo
Muebles,Camión 06,57,5,83,37,38,15,2,19,0,Media,Normal
Muebles,Camión 01,12,1,83,37,27,17,7,39,1,Alta,Normal
Ropa,Camión 03,16,1,74,17,29,6,17,35,1,Media,Normal
Electrodoméstico,Camión 03,80,4,31,32,23,44,10,33,0,Alta,Riesgo
Muebles,Camión 01,43,2,19,38,63,35,12,33,0,Alta,Riesgo
Muebles,Camión 03,117,3,54,14,40,40,2,14,0,Alta,Normal
Tecnología,Camión 01,100,5,40,51,67,93,10,38,0,Media,Riesgo
Electrodoméstico,Camión 01,77,2,12,16,113,41,1,10,0,Alta,Riesgo
Tecnología,Camión 06,7,5,83,51,137,6,4,28,1,Baja,Riesgo
Electrodoméstico,Camión 05,100,1,135,45,34,14,13,14,0,Alta,Riesgo
Tecnología,Camión 06,111,7,51,50,28,59,12,36,1,Media,Riesgo
Muebles,Camión 05,51,4,109,36,145,39,11,38,0,Media,Normal
Muebles,Camión 05,73,4,102,55,12,82,10,16,1,Baja,Riesgo
Ropa,Camión 05,32,6,100,11,95,36,15,21,1,Baja,Riesgo
Tecnología,Camión 03,75,3,164,34,154,65,5,28,1,Baja,Riesgo
Alimentos,Camión 06,8,4,120,18,151,54,17,33,0,Media,Normal
Ropa,Camión 05,97,7,17,36,18,76,5,6,0,Alta,Riesgo
Tecnología,Camión 01,87,1,5,10,103,94,2,15,0,Alta,Riesgo
Tecnología,Camión 03,89,3,38,32,158,79,9,3,0,Baja,Riesgo
Ropa,Camión 06,72,2,83,19,148,55,6,35,0,Baja,Riesgo
Muebles,Camión 05,45,7,82,51,29,43,18,14,1,Alta,Riesgo
Tecnología,Camión 01,86,7,125,34,44,56,14,2,0,Baja,Riesgo
Muebles,Camión 06,59,4,97,12,62,5,19,29,0,Alta,Normal
Ropa,Camión 06,4,3,102,15,119,91,14,4,0,Alta,Normal
Muebles,Camión 03,104,1,86,15,145,31,8,26,1,Alta,Riesgo
Electrodoméstico,Camión 06,67,6,163,11,13,73,17,12,1,Alta,Riesgo
Alimentos,Camión 03,29,5,157,27,111,17,3,2,1,Media,Riesgo
Tecnología,Camión 05,105,5,42,32,56,67,10,17,0,Alta,Riesgo
Alimentos,Camión 03,29,1,18,11,103,72,17,35,0,Baja,Riesgo
Muebles,Camión 01,98,1,140,21,57,6,11,10,1,Baja,Riesgo
Tecnología,Camión 03,98,5,95,31,100,7,8,22,0,Baja,Normal
Muebles,Camión 01,28,6,58,46,93,63,1,21,0,Baja,Normal
Electrodoméstico,Camión 03,77,3,134,29,77,6,13,15,0,Media,Riesgo
Ropa,Camión 06,79,5,105,48,148,40,4,35,0,Alta,Riesgo
Tecnología,Camión 05,87,1,93,33,134,39,7,21,0,Alta,Riesgo
Electrodoméstico,Camión 01,44,4,60,57,82,2,14,21,0,Baja,Riesgo
Electrodoméstico,Camión 03,90,2,98,29,13,16,5,21,0,Baja,Normal
Tecnología,Camión 03,4,6,97,10,85,65,11,32,0,Baja,Normal
Muebles,Camión 03,90,7,88,10,82,78,17,5,0,Alta,Riesgo
Electrodoméstico,Camión 06,104,6,89,26,86,92,5,39,0,Media,Normal
Alimentos,Camión 06,9,4,26,10,57,51,3,9,0,Media,Normal
Electrodoméstico,Camión 01,119,4,39,54,111,21,5,18,0,Media,Riesgo
Muebles,Camión 01,5,7,20,39,115,3,15,21,0,Media,Riesgo
Muebles,Camión 06,56,1,54,50,86,5,19,8,0,Baja,Riesgo
Alimentos,Camión 01,96,5,126,56,48,37,16,34,0,Alta,Riesgo
Electrodoméstico,Camión 05,84,3,132,12,67,25,8,10,0,Baja,Normal
Muebles,Camión 05,50,6,117,55,28,10,13,24,0,Media,Normal
Tecnología,Camión 06,75,7,175,20,97,89,16,24,1,Baja,Riesgo
Ropa,Camión 01,15,6,21,33,122,16,3,32,0,Media,Riesgo
Ropa,Camión 03,32,4,84,31,86,87,1,33,0,Alta,Normal
Ropa,Camión 05,28,5,134,53,86,91,9,38,0,Media,Normal
Electrodoméstico,Camión 06,22,6,136,54,37,98,9,34,1,Baja,Normal
Alimentos,Camión 01,105,3,89,35,75,30,17,11,0,Alta,Riesgo
Muebles,Camión 06,17,4,171,22,19,76,2,31,0,Media,Normal
Tecnología,Camión 03,59,3,98,10,135,34,9,18,0,Media,Riesgo
Tecnología,Camión 05,90,5,138,33,67,15,19,23,0,Alta,Riesgo
Electrodoméstico,Camión 06,108,6,85,19,151,78,13,22,0,Baja,Riesgo
Ropa,Camión 06,71,2,73,44,134,17,5,18,0,Alta,Riesgo
Electrodoméstico,Camión 06,106,6,73,33,121,61,9,39,0,Baja,Riesgo
Alimentos,Camión 03,57,5,152,37,93,26,13,20,0,Media,Normal
Alimentos,Camión 06,26,6,20,45,152,34,1,13,1,Media,Riesgo
Muebles,Camión 03,25,7,55,25,105,44,15,1,0,Alta,Riesgo
Muebles,Camión 03,10,6,109,49,42,34,4,4,0,Media,Normal
Alimentos,Camión 03,45,1,169,25,154,27,4,24,1,Alta,Riesgo
Alimentos,Camión 05,83,6,174,26,150,8,10,36,1,Media,Riesgo
